
DROP TABLE IF EXISTS student;
DROP TABLE IF EXISTS teacher;
DROP TABLE IF EXISTS subject;
DROP TABLE IF EXISTS assignment;
DROP TABLE IF EXISTS subject_student;


CREATE TABLE teacher (
    teacher_id serial PRIMARY KEY,
    first_name varchar(50),
    last_name varchar(50)
);

CREATE TABLE student (
    student_id serial PRIMARY KEY,
    first_name varchar(50),
    last_name varchar(50),
    gender char(1),
    email varchar(50)
);

CREATE TABLE subject (
    subject_id serial PRIMARY KEY,
    subject_name varchar(50),
    teacher_id integer
);

CREATE TABLE subject_student (
    subject_id integer,
    student_id integer
);

CREATE TABLE assignment (
    assignment_id serial PRIMARY KEY,
    assignment_date date,
    subject_id integer,
    student_id integer,
    grade integer
);

INSERT INTO teacher (teacher_id, first_name, last_name) VALUES (1, 'Elizabeth', 'Hopkins');
INSERT INTO teacher (teacher_id, first_name, last_name) VALUES (2, 'Stan', 'Theriot');


INSERT INTO student (student_id, first_name, last_name, gender, email) VALUES (1, 'erik', 'witt', 'm', 'erik.witt@example.com');
INSERT INTO student (student_id, first_name, last_name, gender, email) VALUES (2, 'naja', 'christiansen', 'f', 'naja.christiansen@example.com');
INSERT INTO student (student_id, first_name, last_name, gender, email) VALUES (3, 'milla', 'makinen', 'f', 'milla.makinen@example.com');
INSERT INTO student (student_id, first_name, last_name, gender, email) VALUES (4, 'elisah', 'worst', 'f', 'elisah.worst@example.com');
INSERT INTO student (student_id, first_name, last_name, gender, email) VALUES (5, 'thomas', 'stevenson', 'm', 'thomas.stevenson@example.com');
INSERT INTO student (student_id, first_name, last_name, gender, email) VALUES (6, 'hunter', 'lewis', 'm', 'hunter.lewis@example.com');
INSERT INTO student (student_id, first_name, last_name, gender, email) VALUES (7, 'alex', 'mertens', 'm', 'alex.mertens@example.com');
INSERT INTO student (student_id, first_name, last_name, gender, email) VALUES (8, 'marcus', 'hansen', 'm', 'marcus.hansen@example.com');
INSERT INTO student (student_id, first_name, last_name, gender, email) VALUES (9, 'jeremiah', 'burgess', 'm', 'رهام.رضایی@example.com');
INSERT INTO student (student_id, first_name, last_name, gender, email) VALUES (10, 'cristina', 'pascual', 'f', 'cristina.pascual@example.com');
INSERT INTO student (student_id, first_name, last_name, gender, email) VALUES (11, 'frederikke', 'jørgensen', 'm', 'frederikke.jørgensen@example.com');
INSERT INTO student (student_id, first_name, last_name, gender, email) VALUES (12, 'jasmine', 'wood', 'f', 'jasmine.wood@example.com');
INSERT INTO student (student_id, first_name, last_name, gender, email) VALUES (13, 'freja', 'petersen', 'f', 'freja.petersen@example.com');
INSERT INTO student (student_id, first_name, last_name, gender, email) VALUES (14, 'aatu', 'kotila', 'm', 'aatu.kotila@example.com');
INSERT INTO student (student_id, first_name, last_name, gender, email) VALUES (15, 'scarlett', 'castro', 'f', 'scarlett.castro@example.com');
INSERT INTO student (student_id, first_name, last_name, gender, email) VALUES (16, 'hani', 'helms', 'f', 'hani.helms@example.com');
INSERT INTO student (student_id, first_name, last_name, gender, email) VALUES (17, 'dingenis', 'gomez', 'm', 'dingenis.gomez@example.com');
INSERT INTO student (student_id, first_name, last_name, gender, email) VALUES (18, 'vincent', 'gibson', 'm', 'vincent.gibson@example.com');
INSERT INTO student (student_id, first_name, last_name, gender, email) VALUES (19, 'gustav', 'christensen', 'm', 'gustav.christensen@example.com');
INSERT INTO student (student_id, first_name, last_name, gender, email) VALUES (20, 'ali', 'tuğlu', 'm', 'ali.tuğlu@example.com');


INSERT INTO subject (subject_id, subject_name, teacher_id) VALUES (1, 'Algebra I', 1);
INSERT INTO subject (subject_id, subject_name, teacher_id) VALUES (2, 'Geology', 1);
INSERT INTO subject (subject_id, subject_name, teacher_id) VALUES (3, 'American History', 2);
INSERT INTO subject (subject_id, subject_name, teacher_id) VALUES (4, 'Greek Philosophy', 2);



INSERT INTO subject_student (subject_id, student_id) VALUES (1, 1);
INSERT INTO subject_student (subject_id, student_id) VALUES (1, 2);
INSERT INTO subject_student (subject_id, student_id) VALUES (1, 3);
INSERT INTO subject_student (subject_id, student_id) VALUES (1, 4);
INSERT INTO subject_student (subject_id, student_id) VALUES (1, 5);
INSERT INTO subject_student (subject_id, student_id) VALUES (1, 6);
INSERT INTO subject_student (subject_id, student_id) VALUES (1, 7);
INSERT INTO subject_student (subject_id, student_id) VALUES (1, 8);
INSERT INTO subject_student (subject_id, student_id) VALUES (1, 9);
INSERT INTO subject_student (subject_id, student_id) VALUES (1, 10);
INSERT INTO subject_student (subject_id, student_id) VALUES (1, 11);
INSERT INTO subject_student (subject_id, student_id) VALUES (1, 12);
INSERT INTO subject_student (subject_id, student_id) VALUES (1, 13);
INSERT INTO subject_student (subject_id, student_id) VALUES (1, 14);
INSERT INTO subject_student (subject_id, student_id) VALUES (1, 15);
INSERT INTO subject_student (subject_id, student_id) VALUES (1, 16);
INSERT INTO subject_student (subject_id, student_id) VALUES (1, 17);
INSERT INTO subject_student (subject_id, student_id) VALUES (1, 18);
INSERT INTO subject_student (subject_id, student_id) VALUES (1, 19);
INSERT INTO subject_student (subject_id, student_id) VALUES (1, 20);

INSERT INTO subject_student (subject_id, student_id) VALUES (2, 1);
INSERT INTO subject_student (subject_id, student_id) VALUES (2, 2);
INSERT INTO subject_student (subject_id, student_id) VALUES (2, 3);
INSERT INTO subject_student (subject_id, student_id) VALUES (2, 4);
INSERT INTO subject_student (subject_id, student_id) VALUES (2, 5);
INSERT INTO subject_student (subject_id, student_id) VALUES (2, 6);
INSERT INTO subject_student (subject_id, student_id) VALUES (2, 7);
INSERT INTO subject_student (subject_id, student_id) VALUES (2, 8);
INSERT INTO subject_student (subject_id, student_id) VALUES (2, 9);
INSERT INTO subject_student (subject_id, student_id) VALUES (2, 10);
INSERT INTO subject_student (subject_id, student_id) VALUES (2, 11);
INSERT INTO subject_student (subject_id, student_id) VALUES (2, 12);
INSERT INTO subject_student (subject_id, student_id) VALUES (2, 13);
INSERT INTO subject_student (subject_id, student_id) VALUES (2, 14);
INSERT INTO subject_student (subject_id, student_id) VALUES (2, 15);
INSERT INTO subject_student (subject_id, student_id) VALUES (2, 16);
INSERT INTO subject_student (subject_id, student_id) VALUES (2, 17);
INSERT INTO subject_student (subject_id, student_id) VALUES (2, 18);
INSERT INTO subject_student (subject_id, student_id) VALUES (2, 19);
INSERT INTO subject_student (subject_id, student_id) VALUES (2, 20);

INSERT INTO subject_student (subject_id, student_id) VALUES (3, 1);
INSERT INTO subject_student (subject_id, student_id) VALUES (3, 2);
INSERT INTO subject_student (subject_id, student_id) VALUES (3, 3);
INSERT INTO subject_student (subject_id, student_id) VALUES (3, 4);
INSERT INTO subject_student (subject_id, student_id) VALUES (3, 5);
INSERT INTO subject_student (subject_id, student_id) VALUES (3, 6);
INSERT INTO subject_student (subject_id, student_id) VALUES (3, 7);
INSERT INTO subject_student (subject_id, student_id) VALUES (3, 8);
INSERT INTO subject_student (subject_id, student_id) VALUES (3, 9);
INSERT INTO subject_student (subject_id, student_id) VALUES (3, 10);
INSERT INTO subject_student (subject_id, student_id) VALUES (3, 11);
INSERT INTO subject_student (subject_id, student_id) VALUES (3, 12);
INSERT INTO subject_student (subject_id, student_id) VALUES (3, 13);
INSERT INTO subject_student (subject_id, student_id) VALUES (3, 14);
INSERT INTO subject_student (subject_id, student_id) VALUES (3, 15);
INSERT INTO subject_student (subject_id, student_id) VALUES (3, 16);
INSERT INTO subject_student (subject_id, student_id) VALUES (3, 17);
INSERT INTO subject_student (subject_id, student_id) VALUES (3, 18);
INSERT INTO subject_student (subject_id, student_id) VALUES (3, 19);
INSERT INTO subject_student (subject_id, student_id) VALUES (3, 20);

INSERT INTO subject_student (subject_id, student_id) VALUES (4, 1);
INSERT INTO subject_student (subject_id, student_id) VALUES (4, 2);
INSERT INTO subject_student (subject_id, student_id) VALUES (4, 3);
INSERT INTO subject_student (subject_id, student_id) VALUES (4, 4);
INSERT INTO subject_student (subject_id, student_id) VALUES (4, 5);
INSERT INTO subject_student (subject_id, student_id) VALUES (4, 6);
INSERT INTO subject_student (subject_id, student_id) VALUES (4, 7);
INSERT INTO subject_student (subject_id, student_id) VALUES (4, 8);
INSERT INTO subject_student (subject_id, student_id) VALUES (4, 9);
INSERT INTO subject_student (subject_id, student_id) VALUES (4, 10);
INSERT INTO subject_student (subject_id, student_id) VALUES (4, 11);
INSERT INTO subject_student (subject_id, student_id) VALUES (4, 12);
INSERT INTO subject_student (subject_id, student_id) VALUES (4, 13);
INSERT INTO subject_student (subject_id, student_id) VALUES (4, 14);
INSERT INTO subject_student (subject_id, student_id) VALUES (4, 15);
INSERT INTO subject_student (subject_id, student_id) VALUES (4, 16);
INSERT INTO subject_student (subject_id, student_id) VALUES (4, 17);
INSERT INTO subject_student (subject_id, student_id) VALUES (4, 18);
INSERT INTO subject_student (subject_id, student_id) VALUES (4, 19);
INSERT INTO subject_student (subject_id, student_id) VALUES (4, 20);


INSERT INTO assignment (assignment_date, subject_id, student_id, grade) VALUES ('6/18/17', 1, 1, 80);
INSERT INTO assignment (assignment_date, subject_id, student_id, grade) VALUES ('6/18/17', 1, 2, NULL);
INSERT INTO assignment (assignment_date, subject_id, student_id, grade) VALUES ('6/18/17', 1, 3, 62);
INSERT INTO assignment (assignment_date, subject_id, student_id, grade) VALUES ('6/18/17', 1, 4, 60);
INSERT INTO assignment (assignment_date, subject_id, student_id, grade) VALUES ('6/18/17', 1, 5, 65);
INSERT INTO assignment (assignment_date, subject_id, student_id, grade) VALUES ('6/18/17', 1, 6, 45);
INSERT INTO assignment (assignment_date, subject_id, student_id, grade) VALUES ('6/18/17', 1, 7, 74);
INSERT INTO assignment (assignment_date, subject_id, student_id, grade) VALUES ('6/18/17', 1, 8, 89);
INSERT INTO assignment (assignment_date, subject_id, student_id, grade) VALUES ('6/18/17', 1, 9, 85);
INSERT INTO assignment (assignment_date, subject_id, student_id, grade) VALUES ('6/18/17', 1, 10, 66);
INSERT INTO assignment (assignment_date, subject_id, student_id, grade) VALUES ('6/18/17', 1, 11, 50);
INSERT INTO assignment (assignment_date, subject_id, student_id, grade) VALUES ('6/18/17', 1, 12, 81);
INSERT INTO assignment (assignment_date, subject_id, student_id, grade) VALUES ('6/18/17', 1, 13, 72);
INSERT INTO assignment (assignment_date, subject_id, student_id, grade) VALUES ('6/18/17', 1, 14, 75);
INSERT INTO assignment (assignment_date, subject_id, student_id, grade) VALUES ('6/18/17', 1, 15, 77);
INSERT INTO assignment (assignment_date, subject_id, student_id, grade) VALUES ('6/18/17', 1, 16, 40);
INSERT INTO assignment (assignment_date, subject_id, student_id, grade) VALUES ('6/18/17', 1, 17, NULL);
INSERT INTO assignment (assignment_date, subject_id, student_id, grade) VALUES ('6/18/17', 1, 18, 70);
INSERT INTO assignment (assignment_date, subject_id, student_id, grade) VALUES ('6/18/17', 1, 19, 93);
INSERT INTO assignment (assignment_date, subject_id, student_id, grade) VALUES ('6/18/17', 1, 20, 62);
INSERT INTO assignment (assignment_date, subject_id, student_id, grade) VALUES ('6/17/17', 1, 1, 72);
INSERT INTO assignment (assignment_date, subject_id, student_id, grade) VALUES ('6/17/17', 1, 2, 78);
INSERT INTO assignment (assignment_date, subject_id, student_id, grade) VALUES ('6/17/17', 1, 3, 74);
INSERT INTO assignment (assignment_date, subject_id, student_id, grade) VALUES ('6/17/17', 1, 4, 46);
INSERT INTO assignment (assignment_date, subject_id, student_id, grade) VALUES ('6/17/17', 1, 5, 38);
INSERT INTO assignment (assignment_date, subject_id, student_id, grade) VALUES ('6/17/17', 1, 6, 69);
INSERT INTO assignment (assignment_date, subject_id, student_id, grade) VALUES ('6/17/17', 1, 7, 65);
INSERT INTO assignment (assignment_date, subject_id, student_id, grade) VALUES ('6/17/17', 1, 8, 75);
INSERT INTO assignment (assignment_date, subject_id, student_id, grade) VALUES ('6/17/17', 1, 9, NULL);
INSERT INTO assignment (assignment_date, subject_id, student_id, grade) VALUES ('6/17/17', 1, 10, 59);
INSERT INTO assignment (assignment_date, subject_id, student_id, grade) VALUES ('6/17/17', 1, 11, 63);
INSERT INTO assignment (assignment_date, subject_id, student_id, grade) VALUES ('6/17/17', 1, 12, 63);
INSERT INTO assignment (assignment_date, subject_id, student_id, grade) VALUES ('6/17/17', 1, 13, 80);
INSERT INTO assignment (assignment_date, subject_id, student_id, grade) VALUES ('6/17/17', 1, 14, 69);
INSERT INTO assignment (assignment_date, subject_id, student_id, grade) VALUES ('6/17/17', 1, 15, 60);
INSERT INTO assignment (assignment_date, subject_id, student_id, grade) VALUES ('6/17/17', 1, 16, 64);
INSERT INTO assignment (assignment_date, subject_id, student_id, grade) VALUES ('6/17/17', 1, 17, 73);
INSERT INTO assignment (assignment_date, subject_id, student_id, grade) VALUES ('6/17/17', 1, 18, 70);
INSERT INTO assignment (assignment_date, subject_id, student_id, grade) VALUES ('6/17/17', 1, 19, 48);
INSERT INTO assignment (assignment_date, subject_id, student_id, grade) VALUES ('6/17/17', 1, 20, 68);
INSERT INTO assignment (assignment_date, subject_id, student_id, grade) VALUES ('6/16/17', 1, 1, 62);
INSERT INTO assignment (assignment_date, subject_id, student_id, grade) VALUES ('6/16/17', 1, 2, 90);
INSERT INTO assignment (assignment_date, subject_id, student_id, grade) VALUES ('6/16/17', 1, 3, 90);
INSERT INTO assignment (assignment_date, subject_id, student_id, grade) VALUES ('6/16/17', 1, 4, 82);
INSERT INTO assignment (assignment_date, subject_id, student_id, grade) VALUES ('6/16/17', 1, 5, 63);
INSERT INTO assignment (assignment_date, subject_id, student_id, grade) VALUES ('6/16/17', 1, 6, 87);
INSERT INTO assignment (assignment_date, subject_id, student_id, grade) VALUES ('6/16/17', 1, 7, 64);
INSERT INTO assignment (assignment_date, subject_id, student_id, grade) VALUES ('6/16/17', 1, 8, 73);
INSERT INTO assignment (assignment_date, subject_id, student_id, grade) VALUES ('6/16/17', 1, 9, 95);
INSERT INTO assignment (assignment_date, subject_id, student_id, grade) VALUES ('6/16/17', 1, 10, 84);
INSERT INTO assignment (assignment_date, subject_id, student_id, grade) VALUES ('6/16/17', 1, 11, 76);
INSERT INTO assignment (assignment_date, subject_id, student_id, grade) VALUES ('6/16/17', 1, 12, 77);
INSERT INTO assignment (assignment_date, subject_id, student_id, grade) VALUES ('6/16/17', 1, 13, 64);
INSERT INTO assignment (assignment_date, subject_id, student_id, grade) VALUES ('6/16/17', 1, 14, 97);
INSERT INTO assignment (assignment_date, subject_id, student_id, grade) VALUES ('6/16/17', 1, 15, 79);
INSERT INTO assignment (assignment_date, subject_id, student_id, grade) VALUES ('6/16/17', 1, 16, 73);
INSERT INTO assignment (assignment_date, subject_id, student_id, grade) VALUES ('6/16/17', 1, 17, NULL);
INSERT INTO assignment (assignment_date, subject_id, student_id, grade) VALUES ('6/16/17', 1, 18, 66);
INSERT INTO assignment (assignment_date, subject_id, student_id, grade) VALUES ('6/16/17', 1, 19, 87);
INSERT INTO assignment (assignment_date, subject_id, student_id, grade) VALUES ('6/16/17', 1, 20, 99);
INSERT INTO assignment (assignment_date, subject_id, student_id, grade) VALUES ('6/15/17', 1, 1, 68);
INSERT INTO assignment (assignment_date, subject_id, student_id, grade) VALUES ('6/15/17', 1, 2, 93);
INSERT INTO assignment (assignment_date, subject_id, student_id, grade) VALUES ('6/15/17', 1, 3, 62);
INSERT INTO assignment (assignment_date, subject_id, student_id, grade) VALUES ('6/15/17', 1, 4, 73);
INSERT INTO assignment (assignment_date, subject_id, student_id, grade) VALUES ('6/15/17', 1, 5, 87);
INSERT INTO assignment (assignment_date, subject_id, student_id, grade) VALUES ('6/15/17', 1, 6, 75);
INSERT INTO assignment (assignment_date, subject_id, student_id, grade) VALUES ('6/15/17', 1, 7, 62);
INSERT INTO assignment (assignment_date, subject_id, student_id, grade) VALUES ('6/15/17', 1, 8, NULL);
INSERT INTO assignment (assignment_date, subject_id, student_id, grade) VALUES ('6/15/17', 1, 9, 74);
INSERT INTO assignment (assignment_date, subject_id, student_id, grade) VALUES ('6/15/17', 1, 10, 91);
INSERT INTO assignment (assignment_date, subject_id, student_id, grade) VALUES ('6/15/17', 1, 11, NULL);
INSERT INTO assignment (assignment_date, subject_id, student_id, grade) VALUES ('6/15/17', 1, 12, 64);
INSERT INTO assignment (assignment_date, subject_id, student_id, grade) VALUES ('6/15/17', 1, 13, 96);
INSERT INTO assignment (assignment_date, subject_id, student_id, grade) VALUES ('6/15/17', 1, 14, 91);
INSERT INTO assignment (assignment_date, subject_id, student_id, grade) VALUES ('6/15/17', 1, 15, 65);
INSERT INTO assignment (assignment_date, subject_id, student_id, grade) VALUES ('6/15/17', 1, 16, 86);
INSERT INTO assignment (assignment_date, subject_id, student_id, grade) VALUES ('6/15/17', 1, 17, 99);
INSERT INTO assignment (assignment_date, subject_id, student_id, grade) VALUES ('6/15/17', 1, 18, 91);
INSERT INTO assignment (assignment_date, subject_id, student_id, grade) VALUES ('6/15/17', 1, 19, 92);
INSERT INTO assignment (assignment_date, subject_id, student_id, grade) VALUES ('6/15/17', 1, 20, 84);
INSERT INTO assignment (assignment_date, subject_id, student_id, grade) VALUES ('6/14/17', 1, 1, 89);
INSERT INTO assignment (assignment_date, subject_id, student_id, grade) VALUES ('6/14/17', 1, 2, 80);
INSERT INTO assignment (assignment_date, subject_id, student_id, grade) VALUES ('6/14/17', 1, 3, 62);
INSERT INTO assignment (assignment_date, subject_id, student_id, grade) VALUES ('6/14/17', 1, 4, 71);
INSERT INTO assignment (assignment_date, subject_id, student_id, grade) VALUES ('6/14/17', 1, 5, 85);
INSERT INTO assignment (assignment_date, subject_id, student_id, grade) VALUES ('6/14/17', 1, 6, 81);
INSERT INTO assignment (assignment_date, subject_id, student_id, grade) VALUES ('6/14/17', 1, 7, 78);
INSERT INTO assignment (assignment_date, subject_id, student_id, grade) VALUES ('6/14/17', 1, 8, 72);
INSERT INTO assignment (assignment_date, subject_id, student_id, grade) VALUES ('6/14/17', 1, 9, 75);
INSERT INTO assignment (assignment_date, subject_id, student_id, grade) VALUES ('6/14/17', 1, 10, 97);
INSERT INTO assignment (assignment_date, subject_id, student_id, grade) VALUES ('6/14/17', 1, 11, 85);
INSERT INTO assignment (assignment_date, subject_id, student_id, grade) VALUES ('6/14/17', 1, 12, 70);
INSERT INTO assignment (assignment_date, subject_id, student_id, grade) VALUES ('6/14/17', 1, 13, 83);
INSERT INTO assignment (assignment_date, subject_id, student_id, grade) VALUES ('6/14/17', 1, 14, 81);
INSERT INTO assignment (assignment_date, subject_id, student_id, grade) VALUES ('6/14/17', 1, 15, 75);
INSERT INTO assignment (assignment_date, subject_id, student_id, grade) VALUES ('6/14/17', 1, 16, 96);
INSERT INTO assignment (assignment_date, subject_id, student_id, grade) VALUES ('6/14/17', 1, 17, 77);
INSERT INTO assignment (assignment_date, subject_id, student_id, grade) VALUES ('6/14/17', 1, 18, 76);
INSERT INTO assignment (assignment_date, subject_id, student_id, grade) VALUES ('6/14/17', 1, 19, 89);
INSERT INTO assignment (assignment_date, subject_id, student_id, grade) VALUES ('6/14/17', 1, 20, 99);
INSERT INTO assignment (assignment_date, subject_id, student_id, grade) VALUES ('6/13/17', 1, 1, 82);
INSERT INTO assignment (assignment_date, subject_id, student_id, grade) VALUES ('6/13/17', 1, 2, 94);
INSERT INTO assignment (assignment_date, subject_id, student_id, grade) VALUES ('6/13/17', 1, 3, NULL);
INSERT INTO assignment (assignment_date, subject_id, student_id, grade) VALUES ('6/13/17', 1, 4, 94);
INSERT INTO assignment (assignment_date, subject_id, student_id, grade) VALUES ('6/13/17', 1, 5, 89);
INSERT INTO assignment (assignment_date, subject_id, student_id, grade) VALUES ('6/13/17', 1, 6, 90);
INSERT INTO assignment (assignment_date, subject_id, student_id, grade) VALUES ('6/13/17', 1, 7, 83);
INSERT INTO assignment (assignment_date, subject_id, student_id, grade) VALUES ('6/13/17', 1, 8, 89);
INSERT INTO assignment (assignment_date, subject_id, student_id, grade) VALUES ('6/13/17', 1, 9, 97);
INSERT INTO assignment (assignment_date, subject_id, student_id, grade) VALUES ('6/13/17', 1, 10, 65);
INSERT INTO assignment (assignment_date, subject_id, student_id, grade) VALUES ('6/13/17', 1, 11, 100);
INSERT INTO assignment (assignment_date, subject_id, student_id, grade) VALUES ('6/13/17', 1, 12, 87);
INSERT INTO assignment (assignment_date, subject_id, student_id, grade) VALUES ('6/13/17', 1, 13, 100);
INSERT INTO assignment (assignment_date, subject_id, student_id, grade) VALUES ('6/13/17', 1, 14, 66);
INSERT INTO assignment (assignment_date, subject_id, student_id, grade) VALUES ('6/13/17', 1, 15, 78);
INSERT INTO assignment (assignment_date, subject_id, student_id, grade) VALUES ('6/13/17', 1, 16, NULL);
INSERT INTO assignment (assignment_date, subject_id, student_id, grade) VALUES ('6/13/17', 1, 17, 90);
INSERT INTO assignment (assignment_date, subject_id, student_id, grade) VALUES ('6/13/17', 1, 18, NULL);
INSERT INTO assignment (assignment_date, subject_id, student_id, grade) VALUES ('6/13/17', 1, 19, 74);
INSERT INTO assignment (assignment_date, subject_id, student_id, grade) VALUES ('6/13/17', 1, 20, 83);
INSERT INTO assignment (assignment_date, subject_id, student_id, grade) VALUES ('6/12/17', 1, 1, 88);
INSERT INTO assignment (assignment_date, subject_id, student_id, grade) VALUES ('6/12/17', 1, 2, 72);
INSERT INTO assignment (assignment_date, subject_id, student_id, grade) VALUES ('6/12/17', 1, 3, 94);
INSERT INTO assignment (assignment_date, subject_id, student_id, grade) VALUES ('6/12/17', 1, 4, 99);
INSERT INTO assignment (assignment_date, subject_id, student_id, grade) VALUES ('6/12/17', 1, 5, NULL);
INSERT INTO assignment (assignment_date, subject_id, student_id, grade) VALUES ('6/12/17', 1, 6, 79);
INSERT INTO assignment (assignment_date, subject_id, student_id, grade) VALUES ('6/12/17', 1, 7, 66);
INSERT INTO assignment (assignment_date, subject_id, student_id, grade) VALUES ('6/12/17', 1, 8, 89);
INSERT INTO assignment (assignment_date, subject_id, student_id, grade) VALUES ('6/12/17', 1, 9, 62);
INSERT INTO assignment (assignment_date, subject_id, student_id, grade) VALUES ('6/12/17', 1, 10, 96);
INSERT INTO assignment (assignment_date, subject_id, student_id, grade) VALUES ('6/12/17', 1, 11, 89);
INSERT INTO assignment (assignment_date, subject_id, student_id, grade) VALUES ('6/12/17', 1, 12, 94);
INSERT INTO assignment (assignment_date, subject_id, student_id, grade) VALUES ('6/12/17', 1, 13, 98);
INSERT INTO assignment (assignment_date, subject_id, student_id, grade) VALUES ('6/12/17', 1, 14, 66);
INSERT INTO assignment (assignment_date, subject_id, student_id, grade) VALUES ('6/12/17', 1, 15, 78);
INSERT INTO assignment (assignment_date, subject_id, student_id, grade) VALUES ('6/12/17', 1, 16, 62);
INSERT INTO assignment (assignment_date, subject_id, student_id, grade) VALUES ('6/12/17', 1, 17, 63);
INSERT INTO assignment (assignment_date, subject_id, student_id, grade) VALUES ('6/12/17', 1, 18, 71);
INSERT INTO assignment (assignment_date, subject_id, student_id, grade) VALUES ('6/12/17', 1, 19, 76);
INSERT INTO assignment (assignment_date, subject_id, student_id, grade) VALUES ('6/12/17', 1, 20, 67);
INSERT INTO assignment (assignment_date, subject_id, student_id, grade) VALUES ('6/11/17', 1, 1, 61);
INSERT INTO assignment (assignment_date, subject_id, student_id, grade) VALUES ('6/11/17', 1, 2, NULL);
INSERT INTO assignment (assignment_date, subject_id, student_id, grade) VALUES ('6/11/17', 1, 3, 64);
INSERT INTO assignment (assignment_date, subject_id, student_id, grade) VALUES ('6/11/17', 1, 4, 81);
INSERT INTO assignment (assignment_date, subject_id, student_id, grade) VALUES ('6/11/17', 1, 5, 77);
INSERT INTO assignment (assignment_date, subject_id, student_id, grade) VALUES ('6/11/17', 1, 6, 80);
INSERT INTO assignment (assignment_date, subject_id, student_id, grade) VALUES ('6/11/17', 1, 7, 75);
INSERT INTO assignment (assignment_date, subject_id, student_id, grade) VALUES ('6/11/17', 1, 8, 87);
INSERT INTO assignment (assignment_date, subject_id, student_id, grade) VALUES ('6/11/17', 1, 9, 84);
INSERT INTO assignment (assignment_date, subject_id, student_id, grade) VALUES ('6/11/17', 1, 10, 95);
INSERT INTO assignment (assignment_date, subject_id, student_id, grade) VALUES ('6/11/17', 1, 11, 74);
INSERT INTO assignment (assignment_date, subject_id, student_id, grade) VALUES ('6/11/17', 1, 12, 94);
INSERT INTO assignment (assignment_date, subject_id, student_id, grade) VALUES ('6/11/17', 1, 13, NULL);
INSERT INTO assignment (assignment_date, subject_id, student_id, grade) VALUES ('6/11/17', 1, 14, 68);
INSERT INTO assignment (assignment_date, subject_id, student_id, grade) VALUES ('6/11/17', 1, 15, 95);
INSERT INTO assignment (assignment_date, subject_id, student_id, grade) VALUES ('6/11/17', 1, 16, 90);
INSERT INTO assignment (assignment_date, subject_id, student_id, grade) VALUES ('6/11/17', 1, 17, 92);
INSERT INTO assignment (assignment_date, subject_id, student_id, grade) VALUES ('6/11/17', 1, 18, 73);
INSERT INTO assignment (assignment_date, subject_id, student_id, grade) VALUES ('6/11/17', 1, 19, 77);
INSERT INTO assignment (assignment_date, subject_id, student_id, grade) VALUES ('6/11/17', 1, 20, 80);
INSERT INTO assignment (assignment_date, subject_id, student_id, grade) VALUES ('6/18/17', 2, 1, 63);
INSERT INTO assignment (assignment_date, subject_id, student_id, grade) VALUES ('6/18/17', 2, 2, 91);
INSERT INTO assignment (assignment_date, subject_id, student_id, grade) VALUES ('6/18/17', 2, 3, 83);
INSERT INTO assignment (assignment_date, subject_id, student_id, grade) VALUES ('6/18/17', 2, 4, 72);
INSERT INTO assignment (assignment_date, subject_id, student_id, grade) VALUES ('6/18/17', 2, 5, 86);
INSERT INTO assignment (assignment_date, subject_id, student_id, grade) VALUES ('6/18/17', 2, 6, NULL);
INSERT INTO assignment (assignment_date, subject_id, student_id, grade) VALUES ('6/18/17', 2, 7, 76);
INSERT INTO assignment (assignment_date, subject_id, student_id, grade) VALUES ('6/18/17', 2, 8, 61);
INSERT INTO assignment (assignment_date, subject_id, student_id, grade) VALUES ('6/18/17', 2, 9, 90);
INSERT INTO assignment (assignment_date, subject_id, student_id, grade) VALUES ('6/18/17', 2, 10, 62);
INSERT INTO assignment (assignment_date, subject_id, student_id, grade) VALUES ('6/18/17', 2, 11, NULL);
INSERT INTO assignment (assignment_date, subject_id, student_id, grade) VALUES ('6/18/17', 2, 12, NULL);
INSERT INTO assignment (assignment_date, subject_id, student_id, grade) VALUES ('6/18/17', 2, 13, NULL);
INSERT INTO assignment (assignment_date, subject_id, student_id, grade) VALUES ('6/18/17', 2, 14, 66);
INSERT INTO assignment (assignment_date, subject_id, student_id, grade) VALUES ('6/18/17', 2, 15, 81);
INSERT INTO assignment (assignment_date, subject_id, student_id, grade) VALUES ('6/18/17', 2, 16, 86);
INSERT INTO assignment (assignment_date, subject_id, student_id, grade) VALUES ('6/18/17', 2, 17, 96);
INSERT INTO assignment (assignment_date, subject_id, student_id, grade) VALUES ('6/18/17', 2, 18, 65);
INSERT INTO assignment (assignment_date, subject_id, student_id, grade) VALUES ('6/18/17', 2, 19, NULL);
INSERT INTO assignment (assignment_date, subject_id, student_id, grade) VALUES ('6/18/17', 2, 20, 74);
INSERT INTO assignment (assignment_date, subject_id, student_id, grade) VALUES ('6/17/17', 2, 1, 77);
INSERT INTO assignment (assignment_date, subject_id, student_id, grade) VALUES ('6/17/17', 2, 2, 98);
INSERT INTO assignment (assignment_date, subject_id, student_id, grade) VALUES ('6/17/17', 2, 3, NULL);
INSERT INTO assignment (assignment_date, subject_id, student_id, grade) VALUES ('6/17/17', 2, 4, 67);
INSERT INTO assignment (assignment_date, subject_id, student_id, grade) VALUES ('6/17/17', 2, 5, 94);
INSERT INTO assignment (assignment_date, subject_id, student_id, grade) VALUES ('6/17/17', 2, 6, 69);
INSERT INTO assignment (assignment_date, subject_id, student_id, grade) VALUES ('6/17/17', 2, 7, 72);
INSERT INTO assignment (assignment_date, subject_id, student_id, grade) VALUES ('6/17/17', 2, 8, 80);
INSERT INTO assignment (assignment_date, subject_id, student_id, grade) VALUES ('6/17/17', 2, 9, 90);
INSERT INTO assignment (assignment_date, subject_id, student_id, grade) VALUES ('6/17/17', 2, 10, 81);
INSERT INTO assignment (assignment_date, subject_id, student_id, grade) VALUES ('6/17/17', 2, 11, 68);
INSERT INTO assignment (assignment_date, subject_id, student_id, grade) VALUES ('6/17/17', 2, 12, 85);
INSERT INTO assignment (assignment_date, subject_id, student_id, grade) VALUES ('6/17/17', 2, 13, 87);
INSERT INTO assignment (assignment_date, subject_id, student_id, grade) VALUES ('6/17/17', 2, 14, 67);
INSERT INTO assignment (assignment_date, subject_id, student_id, grade) VALUES ('6/17/17', 2, 15, 68);
INSERT INTO assignment (assignment_date, subject_id, student_id, grade) VALUES ('6/17/17', 2, 16, NULL);
INSERT INTO assignment (assignment_date, subject_id, student_id, grade) VALUES ('6/17/17', 2, 17, 93);
INSERT INTO assignment (assignment_date, subject_id, student_id, grade) VALUES ('6/17/17', 2, 18, 95);
INSERT INTO assignment (assignment_date, subject_id, student_id, grade) VALUES ('6/17/17', 2, 19, 75);
INSERT INTO assignment (assignment_date, subject_id, student_id, grade) VALUES ('6/17/17', 2, 20, 76);
INSERT INTO assignment (assignment_date, subject_id, student_id, grade) VALUES ('6/16/17', 2, 1, 97);
INSERT INTO assignment (assignment_date, subject_id, student_id, grade) VALUES ('6/16/17', 2, 2, NULL);
INSERT INTO assignment (assignment_date, subject_id, student_id, grade) VALUES ('6/16/17', 2, 3, 88);
INSERT INTO assignment (assignment_date, subject_id, student_id, grade) VALUES ('6/16/17', 2, 4, 65);
INSERT INTO assignment (assignment_date, subject_id, student_id, grade) VALUES ('6/16/17', 2, 5, 69);
INSERT INTO assignment (assignment_date, subject_id, student_id, grade) VALUES ('6/16/17', 2, 6, 98);
INSERT INTO assignment (assignment_date, subject_id, student_id, grade) VALUES ('6/16/17', 2, 7, 96);
INSERT INTO assignment (assignment_date, subject_id, student_id, grade) VALUES ('6/16/17', 2, 8, 92);
INSERT INTO assignment (assignment_date, subject_id, student_id, grade) VALUES ('6/16/17', 2, 9, 76);
INSERT INTO assignment (assignment_date, subject_id, student_id, grade) VALUES ('6/16/17', 2, 10, 68);
INSERT INTO assignment (assignment_date, subject_id, student_id, grade) VALUES ('6/16/17', 2, 11, 99);
INSERT INTO assignment (assignment_date, subject_id, student_id, grade) VALUES ('6/16/17', 2, 12, 68);
INSERT INTO assignment (assignment_date, subject_id, student_id, grade) VALUES ('6/16/17', 2, 13, NULL);
INSERT INTO assignment (assignment_date, subject_id, student_id, grade) VALUES ('6/16/17', 2, 14, 85);
INSERT INTO assignment (assignment_date, subject_id, student_id, grade) VALUES ('6/16/17', 2, 15, 77);
INSERT INTO assignment (assignment_date, subject_id, student_id, grade) VALUES ('6/16/17', 2, 16, 86);
INSERT INTO assignment (assignment_date, subject_id, student_id, grade) VALUES ('6/16/17', 2, 17, NULL);
INSERT INTO assignment (assignment_date, subject_id, student_id, grade) VALUES ('6/16/17', 2, 18, 81);
INSERT INTO assignment (assignment_date, subject_id, student_id, grade) VALUES ('6/16/17', 2, 19, 64);
INSERT INTO assignment (assignment_date, subject_id, student_id, grade) VALUES ('6/16/17', 2, 20, 93);
INSERT INTO assignment (assignment_date, subject_id, student_id, grade) VALUES ('6/15/17', 2, 1, 94);
INSERT INTO assignment (assignment_date, subject_id, student_id, grade) VALUES ('6/15/17', 2, 2, 84);
INSERT INTO assignment (assignment_date, subject_id, student_id, grade) VALUES ('6/15/17', 2, 3, 87);
INSERT INTO assignment (assignment_date, subject_id, student_id, grade) VALUES ('6/15/17', 2, 4, 65);
INSERT INTO assignment (assignment_date, subject_id, student_id, grade) VALUES ('6/15/17', 2, 5, 83);
INSERT INTO assignment (assignment_date, subject_id, student_id, grade) VALUES ('6/15/17', 2, 6, 68);
INSERT INTO assignment (assignment_date, subject_id, student_id, grade) VALUES ('6/15/17', 2, 7, 85);
INSERT INTO assignment (assignment_date, subject_id, student_id, grade) VALUES ('6/15/17', 2, 8, 92);
INSERT INTO assignment (assignment_date, subject_id, student_id, grade) VALUES ('6/15/17', 2, 9, 79);
INSERT INTO assignment (assignment_date, subject_id, student_id, grade) VALUES ('6/15/17', 2, 10, 86);
INSERT INTO assignment (assignment_date, subject_id, student_id, grade) VALUES ('6/15/17', 2, 11, 81);
INSERT INTO assignment (assignment_date, subject_id, student_id, grade) VALUES ('6/15/17', 2, 12, 68);
INSERT INTO assignment (assignment_date, subject_id, student_id, grade) VALUES ('6/15/17', 2, 13, 88);
INSERT INTO assignment (assignment_date, subject_id, student_id, grade) VALUES ('6/15/17', 2, 14, 89);
INSERT INTO assignment (assignment_date, subject_id, student_id, grade) VALUES ('6/15/17', 2, 15, 69);
INSERT INTO assignment (assignment_date, subject_id, student_id, grade) VALUES ('6/15/17', 2, 16, 85);
INSERT INTO assignment (assignment_date, subject_id, student_id, grade) VALUES ('6/15/17', 2, 17, 100);
INSERT INTO assignment (assignment_date, subject_id, student_id, grade) VALUES ('6/15/17', 2, 18, 97);
INSERT INTO assignment (assignment_date, subject_id, student_id, grade) VALUES ('6/15/17', 2, 19, 95);
INSERT INTO assignment (assignment_date, subject_id, student_id, grade) VALUES ('6/15/17', 2, 20, 79);
INSERT INTO assignment (assignment_date, subject_id, student_id, grade) VALUES ('6/14/17', 2, 1, 83);
INSERT INTO assignment (assignment_date, subject_id, student_id, grade) VALUES ('6/14/17', 2, 2, 87);
INSERT INTO assignment (assignment_date, subject_id, student_id, grade) VALUES ('6/14/17', 2, 3, 75);
INSERT INTO assignment (assignment_date, subject_id, student_id, grade) VALUES ('6/14/17', 2, 4, 61);
INSERT INTO assignment (assignment_date, subject_id, student_id, grade) VALUES ('6/14/17', 2, 5, 64);
INSERT INTO assignment (assignment_date, subject_id, student_id, grade) VALUES ('6/14/17', 2, 6, 94);
INSERT INTO assignment (assignment_date, subject_id, student_id, grade) VALUES ('6/14/17', 2, 7, 67);
INSERT INTO assignment (assignment_date, subject_id, student_id, grade) VALUES ('6/14/17', 2, 8, 97);
INSERT INTO assignment (assignment_date, subject_id, student_id, grade) VALUES ('6/14/17', 2, 9, 77);
INSERT INTO assignment (assignment_date, subject_id, student_id, grade) VALUES ('6/14/17', 2, 10, 81);
INSERT INTO assignment (assignment_date, subject_id, student_id, grade) VALUES ('6/14/17', 2, 11, 71);
INSERT INTO assignment (assignment_date, subject_id, student_id, grade) VALUES ('6/14/17', 2, 12, NULL);
INSERT INTO assignment (assignment_date, subject_id, student_id, grade) VALUES ('6/14/17', 2, 13, 74);
INSERT INTO assignment (assignment_date, subject_id, student_id, grade) VALUES ('6/14/17', 2, 14, 61);
INSERT INTO assignment (assignment_date, subject_id, student_id, grade) VALUES ('6/14/17', 2, 15, NULL);
INSERT INTO assignment (assignment_date, subject_id, student_id, grade) VALUES ('6/14/17', 2, 16, 77);
INSERT INTO assignment (assignment_date, subject_id, student_id, grade) VALUES ('6/14/17', 2, 17, 66);
INSERT INTO assignment (assignment_date, subject_id, student_id, grade) VALUES ('6/14/17', 2, 18, 88);
INSERT INTO assignment (assignment_date, subject_id, student_id, grade) VALUES ('6/14/17', 2, 19, 72);
INSERT INTO assignment (assignment_date, subject_id, student_id, grade) VALUES ('6/14/17', 2, 20, 81);
INSERT INTO assignment (assignment_date, subject_id, student_id, grade) VALUES ('6/13/17', 2, 1, 81);
INSERT INTO assignment (assignment_date, subject_id, student_id, grade) VALUES ('6/13/17', 2, 2, 87);
INSERT INTO assignment (assignment_date, subject_id, student_id, grade) VALUES ('6/13/17', 2, 3, 87);
INSERT INTO assignment (assignment_date, subject_id, student_id, grade) VALUES ('6/13/17', 2, 4, 72);
INSERT INTO assignment (assignment_date, subject_id, student_id, grade) VALUES ('6/13/17', 2, 5, 64);
INSERT INTO assignment (assignment_date, subject_id, student_id, grade) VALUES ('6/13/17', 2, 6, 68);
INSERT INTO assignment (assignment_date, subject_id, student_id, grade) VALUES ('6/13/17', 2, 7, 91);
INSERT INTO assignment (assignment_date, subject_id, student_id, grade) VALUES ('6/13/17', 2, 8, 66);
INSERT INTO assignment (assignment_date, subject_id, student_id, grade) VALUES ('6/13/17', 2, 9, 81);
INSERT INTO assignment (assignment_date, subject_id, student_id, grade) VALUES ('6/13/17', 2, 10, 86);
INSERT INTO assignment (assignment_date, subject_id, student_id, grade) VALUES ('6/13/17', 2, 11, 66);
INSERT INTO assignment (assignment_date, subject_id, student_id, grade) VALUES ('6/13/17', 2, 12, 98);
INSERT INTO assignment (assignment_date, subject_id, student_id, grade) VALUES ('6/13/17', 2, 13, 92);
INSERT INTO assignment (assignment_date, subject_id, student_id, grade) VALUES ('6/13/17', 2, 14, 88);
INSERT INTO assignment (assignment_date, subject_id, student_id, grade) VALUES ('6/13/17', 2, 15, 97);
INSERT INTO assignment (assignment_date, subject_id, student_id, grade) VALUES ('6/13/17', 2, 16, 61);
INSERT INTO assignment (assignment_date, subject_id, student_id, grade) VALUES ('6/13/17', 2, 17, 72);
INSERT INTO assignment (assignment_date, subject_id, student_id, grade) VALUES ('6/13/17', 2, 18, 97);
INSERT INTO assignment (assignment_date, subject_id, student_id, grade) VALUES ('6/13/17', 2, 19, 89);
INSERT INTO assignment (assignment_date, subject_id, student_id, grade) VALUES ('6/13/17', 2, 20, 75);
INSERT INTO assignment (assignment_date, subject_id, student_id, grade) VALUES ('6/12/17', 2, 1, 81);
INSERT INTO assignment (assignment_date, subject_id, student_id, grade) VALUES ('6/12/17', 2, 2, 88);
INSERT INTO assignment (assignment_date, subject_id, student_id, grade) VALUES ('6/12/17', 2, 3, 78);
INSERT INTO assignment (assignment_date, subject_id, student_id, grade) VALUES ('6/12/17', 2, 4, 95);
INSERT INTO assignment (assignment_date, subject_id, student_id, grade) VALUES ('6/12/17', 2, 5, 71);
INSERT INTO assignment (assignment_date, subject_id, student_id, grade) VALUES ('6/12/17', 2, 6, 86);
INSERT INTO assignment (assignment_date, subject_id, student_id, grade) VALUES ('6/12/17', 2, 7, NULL);
INSERT INTO assignment (assignment_date, subject_id, student_id, grade) VALUES ('6/12/17', 2, 8, 66);
INSERT INTO assignment (assignment_date, subject_id, student_id, grade) VALUES ('6/12/17', 2, 9, 94);
INSERT INTO assignment (assignment_date, subject_id, student_id, grade) VALUES ('6/12/17', 2, 10, 69);
INSERT INTO assignment (assignment_date, subject_id, student_id, grade) VALUES ('6/12/17', 2, 11, 69);
INSERT INTO assignment (assignment_date, subject_id, student_id, grade) VALUES ('6/12/17', 2, 12, 64);
INSERT INTO assignment (assignment_date, subject_id, student_id, grade) VALUES ('6/12/17', 2, 13, 68);
INSERT INTO assignment (assignment_date, subject_id, student_id, grade) VALUES ('6/12/17', 2, 14, 78);
INSERT INTO assignment (assignment_date, subject_id, student_id, grade) VALUES ('6/12/17', 2, 15, 85);
INSERT INTO assignment (assignment_date, subject_id, student_id, grade) VALUES ('6/12/17', 2, 16, 76);
INSERT INTO assignment (assignment_date, subject_id, student_id, grade) VALUES ('6/12/17', 2, 17, 87);
INSERT INTO assignment (assignment_date, subject_id, student_id, grade) VALUES ('6/12/17', 2, 18, 61);
INSERT INTO assignment (assignment_date, subject_id, student_id, grade) VALUES ('6/12/17', 2, 19, 98);
INSERT INTO assignment (assignment_date, subject_id, student_id, grade) VALUES ('6/12/17', 2, 20, 62);
INSERT INTO assignment (assignment_date, subject_id, student_id, grade) VALUES ('6/11/17', 2, 1, 81);
INSERT INTO assignment (assignment_date, subject_id, student_id, grade) VALUES ('6/11/17', 2, 2, 77);
INSERT INTO assignment (assignment_date, subject_id, student_id, grade) VALUES ('6/11/17', 2, 3, 66);
INSERT INTO assignment (assignment_date, subject_id, student_id, grade) VALUES ('6/11/17', 2, 4, 82);
INSERT INTO assignment (assignment_date, subject_id, student_id, grade) VALUES ('6/11/17', 2, 5, 76);
INSERT INTO assignment (assignment_date, subject_id, student_id, grade) VALUES ('6/11/17', 2, 6, 69);
INSERT INTO assignment (assignment_date, subject_id, student_id, grade) VALUES ('6/11/17', 2, 7, 74);
INSERT INTO assignment (assignment_date, subject_id, student_id, grade) VALUES ('6/11/17', 2, 8, 69);
INSERT INTO assignment (assignment_date, subject_id, student_id, grade) VALUES ('6/11/17', 2, 9, NULL);
INSERT INTO assignment (assignment_date, subject_id, student_id, grade) VALUES ('6/11/17', 2, 10, NULL);
INSERT INTO assignment (assignment_date, subject_id, student_id, grade) VALUES ('6/11/17', 2, 11, 91);
INSERT INTO assignment (assignment_date, subject_id, student_id, grade) VALUES ('6/11/17', 2, 12, 97);
INSERT INTO assignment (assignment_date, subject_id, student_id, grade) VALUES ('6/11/17', 2, 13, 77);
INSERT INTO assignment (assignment_date, subject_id, student_id, grade) VALUES ('6/11/17', 2, 14, 84);
INSERT INTO assignment (assignment_date, subject_id, student_id, grade) VALUES ('6/11/17', 2, 15, 73);
INSERT INTO assignment (assignment_date, subject_id, student_id, grade) VALUES ('6/11/17', 2, 16, 79);
INSERT INTO assignment (assignment_date, subject_id, student_id, grade) VALUES ('6/11/17', 2, 17, 93);
INSERT INTO assignment (assignment_date, subject_id, student_id, grade) VALUES ('6/11/17', 2, 18, 73);
INSERT INTO assignment (assignment_date, subject_id, student_id, grade) VALUES ('6/11/17', 2, 19, 79);
INSERT INTO assignment (assignment_date, subject_id, student_id, grade) VALUES ('6/11/17', 2, 20, 82);
INSERT INTO assignment (assignment_date, subject_id, student_id, grade) VALUES ('6/10/17', 2, 1, 71);
INSERT INTO assignment (assignment_date, subject_id, student_id, grade) VALUES ('6/10/17', 2, 2, 82);
INSERT INTO assignment (assignment_date, subject_id, student_id, grade) VALUES ('6/10/17', 2, 3, 85);
INSERT INTO assignment (assignment_date, subject_id, student_id, grade) VALUES ('6/10/17', 2, 4, 74);
INSERT INTO assignment (assignment_date, subject_id, student_id, grade) VALUES ('6/10/17', 2, 5, 76);
INSERT INTO assignment (assignment_date, subject_id, student_id, grade) VALUES ('6/10/17', 2, 6, 62);
INSERT INTO assignment (assignment_date, subject_id, student_id, grade) VALUES ('6/10/17', 2, 7, NULL);
INSERT INTO assignment (assignment_date, subject_id, student_id, grade) VALUES ('6/10/17', 2, 8, 94);
INSERT INTO assignment (assignment_date, subject_id, student_id, grade) VALUES ('6/10/17', 2, 9, 89);
INSERT INTO assignment (assignment_date, subject_id, student_id, grade) VALUES ('6/10/17', 2, 10, 80);
INSERT INTO assignment (assignment_date, subject_id, student_id, grade) VALUES ('6/10/17', 2, 11, 93);
INSERT INTO assignment (assignment_date, subject_id, student_id, grade) VALUES ('6/10/17', 2, 12, 92);
INSERT INTO assignment (assignment_date, subject_id, student_id, grade) VALUES ('6/10/17', 2, 13, NULL);
INSERT INTO assignment (assignment_date, subject_id, student_id, grade) VALUES ('6/10/17', 2, 14, 76);
INSERT INTO assignment (assignment_date, subject_id, student_id, grade) VALUES ('6/10/17', 2, 15, 63);
INSERT INTO assignment (assignment_date, subject_id, student_id, grade) VALUES ('6/10/17', 2, 16, 85);
INSERT INTO assignment (assignment_date, subject_id, student_id, grade) VALUES ('6/10/17', 2, 17, 83);
INSERT INTO assignment (assignment_date, subject_id, student_id, grade) VALUES ('6/10/17', 2, 18, 80);
INSERT INTO assignment (assignment_date, subject_id, student_id, grade) VALUES ('6/10/17', 2, 19, 76);
INSERT INTO assignment (assignment_date, subject_id, student_id, grade) VALUES ('6/10/17', 2, 20, 69);
INSERT INTO assignment (assignment_date, subject_id, student_id, grade) VALUES ('6/9/17', 2, 1, 69);
INSERT INTO assignment (assignment_date, subject_id, student_id, grade) VALUES ('6/9/17', 2, 2, 78);
INSERT INTO assignment (assignment_date, subject_id, student_id, grade) VALUES ('6/9/17', 2, 3, 66);
INSERT INTO assignment (assignment_date, subject_id, student_id, grade) VALUES ('6/9/17', 2, 4, 77);
INSERT INTO assignment (assignment_date, subject_id, student_id, grade) VALUES ('6/9/17', 2, 5, 74);
INSERT INTO assignment (assignment_date, subject_id, student_id, grade) VALUES ('6/9/17', 2, 6, 76);
INSERT INTO assignment (assignment_date, subject_id, student_id, grade) VALUES ('6/9/17', 2, 7, 92);
INSERT INTO assignment (assignment_date, subject_id, student_id, grade) VALUES ('6/9/17', 2, 8, 66);
INSERT INTO assignment (assignment_date, subject_id, student_id, grade) VALUES ('6/9/17', 2, 9, 97);
INSERT INTO assignment (assignment_date, subject_id, student_id, grade) VALUES ('6/9/17', 2, 10, 97);
INSERT INTO assignment (assignment_date, subject_id, student_id, grade) VALUES ('6/9/17', 2, 11, 100);
INSERT INTO assignment (assignment_date, subject_id, student_id, grade) VALUES ('6/9/17', 2, 12, 100);
INSERT INTO assignment (assignment_date, subject_id, student_id, grade) VALUES ('6/9/17', 2, 13, 91);
INSERT INTO assignment (assignment_date, subject_id, student_id, grade) VALUES ('6/9/17', 2, 14, 88);
INSERT INTO assignment (assignment_date, subject_id, student_id, grade) VALUES ('6/9/17', 2, 15, 72);
INSERT INTO assignment (assignment_date, subject_id, student_id, grade) VALUES ('6/9/17', 2, 16, 67);
INSERT INTO assignment (assignment_date, subject_id, student_id, grade) VALUES ('6/9/17', 2, 17, 81);
INSERT INTO assignment (assignment_date, subject_id, student_id, grade) VALUES ('6/9/17', 2, 18, 80);
INSERT INTO assignment (assignment_date, subject_id, student_id, grade) VALUES ('6/9/17', 2, 19, 98);
INSERT INTO assignment (assignment_date, subject_id, student_id, grade) VALUES ('6/9/17', 2, 20, 81);
INSERT INTO assignment (assignment_date, subject_id, student_id, grade) VALUES ('6/8/17', 2, 1, 87);
INSERT INTO assignment (assignment_date, subject_id, student_id, grade) VALUES ('6/8/17', 2, 2, 89);
INSERT INTO assignment (assignment_date, subject_id, student_id, grade) VALUES ('6/8/17', 2, 3, 65);
INSERT INTO assignment (assignment_date, subject_id, student_id, grade) VALUES ('6/8/17', 2, 4, 100);
INSERT INTO assignment (assignment_date, subject_id, student_id, grade) VALUES ('6/8/17', 2, 5, 75);
INSERT INTO assignment (assignment_date, subject_id, student_id, grade) VALUES ('6/8/17', 2, 6, 95);
INSERT INTO assignment (assignment_date, subject_id, student_id, grade) VALUES ('6/8/17', 2, 7, 73);
INSERT INTO assignment (assignment_date, subject_id, student_id, grade) VALUES ('6/8/17', 2, 8, NULL);
INSERT INTO assignment (assignment_date, subject_id, student_id, grade) VALUES ('6/8/17', 2, 9, 78);
INSERT INTO assignment (assignment_date, subject_id, student_id, grade) VALUES ('6/8/17', 2, 10, 67);
INSERT INTO assignment (assignment_date, subject_id, student_id, grade) VALUES ('6/8/17', 2, 11, 64);
INSERT INTO assignment (assignment_date, subject_id, student_id, grade) VALUES ('6/8/17', 2, 12, 78);
INSERT INTO assignment (assignment_date, subject_id, student_id, grade) VALUES ('6/8/17', 2, 13, 67);
INSERT INTO assignment (assignment_date, subject_id, student_id, grade) VALUES ('6/8/17', 2, 14, 70);
INSERT INTO assignment (assignment_date, subject_id, student_id, grade) VALUES ('6/8/17', 2, 15, 79);
INSERT INTO assignment (assignment_date, subject_id, student_id, grade) VALUES ('6/8/17', 2, 16, 64);
INSERT INTO assignment (assignment_date, subject_id, student_id, grade) VALUES ('6/8/17', 2, 17, 63);
INSERT INTO assignment (assignment_date, subject_id, student_id, grade) VALUES ('6/8/17', 2, 18, NULL);
INSERT INTO assignment (assignment_date, subject_id, student_id, grade) VALUES ('6/8/17', 2, 19, 82);
INSERT INTO assignment (assignment_date, subject_id, student_id, grade) VALUES ('6/8/17', 2, 20, 100);
INSERT INTO assignment (assignment_date, subject_id, student_id, grade) VALUES ('6/7/17', 2, 1, 94);
INSERT INTO assignment (assignment_date, subject_id, student_id, grade) VALUES ('6/7/17', 2, 2, 94);
INSERT INTO assignment (assignment_date, subject_id, student_id, grade) VALUES ('6/7/17', 2, 3, 67);
INSERT INTO assignment (assignment_date, subject_id, student_id, grade) VALUES ('6/7/17', 2, 4, 97);
INSERT INTO assignment (assignment_date, subject_id, student_id, grade) VALUES ('6/7/17', 2, 5, 86);
INSERT INTO assignment (assignment_date, subject_id, student_id, grade) VALUES ('6/7/17', 2, 6, NULL);
INSERT INTO assignment (assignment_date, subject_id, student_id, grade) VALUES ('6/7/17', 2, 7, 70);
INSERT INTO assignment (assignment_date, subject_id, student_id, grade) VALUES ('6/7/17', 2, 8, 63);
INSERT INTO assignment (assignment_date, subject_id, student_id, grade) VALUES ('6/7/17', 2, 9, 94);
INSERT INTO assignment (assignment_date, subject_id, student_id, grade) VALUES ('6/7/17', 2, 10, 77);
INSERT INTO assignment (assignment_date, subject_id, student_id, grade) VALUES ('6/7/17', 2, 11, 71);
INSERT INTO assignment (assignment_date, subject_id, student_id, grade) VALUES ('6/7/17', 2, 12, 98);
INSERT INTO assignment (assignment_date, subject_id, student_id, grade) VALUES ('6/7/17', 2, 13, 77);
INSERT INTO assignment (assignment_date, subject_id, student_id, grade) VALUES ('6/7/17', 2, 14, 92);
INSERT INTO assignment (assignment_date, subject_id, student_id, grade) VALUES ('6/7/17', 2, 15, 65);
INSERT INTO assignment (assignment_date, subject_id, student_id, grade) VALUES ('6/7/17', 2, 16, 85);
INSERT INTO assignment (assignment_date, subject_id, student_id, grade) VALUES ('6/7/17', 2, 17, 85);
INSERT INTO assignment (assignment_date, subject_id, student_id, grade) VALUES ('6/7/17', 2, 18, 95);
INSERT INTO assignment (assignment_date, subject_id, student_id, grade) VALUES ('6/7/17', 2, 19, 88);
INSERT INTO assignment (assignment_date, subject_id, student_id, grade) VALUES ('6/7/17', 2, 20, 79);
INSERT INTO assignment (assignment_date, subject_id, student_id, grade) VALUES ('6/6/17', 2, 1, 75);
INSERT INTO assignment (assignment_date, subject_id, student_id, grade) VALUES ('6/6/17', 2, 2, 90);
INSERT INTO assignment (assignment_date, subject_id, student_id, grade) VALUES ('6/6/17', 2, 3, 80);
INSERT INTO assignment (assignment_date, subject_id, student_id, grade) VALUES ('6/6/17', 2, 4, 81);
INSERT INTO assignment (assignment_date, subject_id, student_id, grade) VALUES ('6/6/17', 2, 5, 84);
INSERT INTO assignment (assignment_date, subject_id, student_id, grade) VALUES ('6/6/17', 2, 6, 94);
INSERT INTO assignment (assignment_date, subject_id, student_id, grade) VALUES ('6/6/17', 2, 7, 89);
INSERT INTO assignment (assignment_date, subject_id, student_id, grade) VALUES ('6/6/17', 2, 8, 95);
INSERT INTO assignment (assignment_date, subject_id, student_id, grade) VALUES ('6/6/17', 2, 9, 98);
INSERT INTO assignment (assignment_date, subject_id, student_id, grade) VALUES ('6/6/17', 2, 10, 63);
INSERT INTO assignment (assignment_date, subject_id, student_id, grade) VALUES ('6/6/17', 2, 11, 87);
INSERT INTO assignment (assignment_date, subject_id, student_id, grade) VALUES ('6/6/17', 2, 12, 86);
INSERT INTO assignment (assignment_date, subject_id, student_id, grade) VALUES ('6/6/17', 2, 13, 94);
INSERT INTO assignment (assignment_date, subject_id, student_id, grade) VALUES ('6/6/17', 2, 14, 94);
INSERT INTO assignment (assignment_date, subject_id, student_id, grade) VALUES ('6/6/17', 2, 15, 75);
INSERT INTO assignment (assignment_date, subject_id, student_id, grade) VALUES ('6/6/17', 2, 16, 96);
INSERT INTO assignment (assignment_date, subject_id, student_id, grade) VALUES ('6/6/17', 2, 17, 93);
INSERT INTO assignment (assignment_date, subject_id, student_id, grade) VALUES ('6/6/17', 2, 18, 99);
INSERT INTO assignment (assignment_date, subject_id, student_id, grade) VALUES ('6/6/17', 2, 19, 90);
INSERT INTO assignment (assignment_date, subject_id, student_id, grade) VALUES ('6/6/17', 2, 20, 71);
INSERT INTO assignment (assignment_date, subject_id, student_id, grade) VALUES ('6/5/17', 2, 1, 84);
INSERT INTO assignment (assignment_date, subject_id, student_id, grade) VALUES ('6/5/17', 2, 2, 71);
INSERT INTO assignment (assignment_date, subject_id, student_id, grade) VALUES ('6/5/17', 2, 3, 86);
INSERT INTO assignment (assignment_date, subject_id, student_id, grade) VALUES ('6/5/17', 2, 4, 76);
INSERT INTO assignment (assignment_date, subject_id, student_id, grade) VALUES ('6/5/17', 2, 5, NULL);
INSERT INTO assignment (assignment_date, subject_id, student_id, grade) VALUES ('6/5/17', 2, 6, 74);
INSERT INTO assignment (assignment_date, subject_id, student_id, grade) VALUES ('6/5/17', 2, 7, 79);
INSERT INTO assignment (assignment_date, subject_id, student_id, grade) VALUES ('6/5/17', 2, 8, 79);
INSERT INTO assignment (assignment_date, subject_id, student_id, grade) VALUES ('6/5/17', 2, 9, 63);
INSERT INTO assignment (assignment_date, subject_id, student_id, grade) VALUES ('6/5/17', 2, 10, NULL);
INSERT INTO assignment (assignment_date, subject_id, student_id, grade) VALUES ('6/5/17', 2, 11, 92);
INSERT INTO assignment (assignment_date, subject_id, student_id, grade) VALUES ('6/5/17', 2, 12, 74);
INSERT INTO assignment (assignment_date, subject_id, student_id, grade) VALUES ('6/5/17', 2, 13, 87);
INSERT INTO assignment (assignment_date, subject_id, student_id, grade) VALUES ('6/5/17', 2, 14, 74);
INSERT INTO assignment (assignment_date, subject_id, student_id, grade) VALUES ('6/5/17', 2, 15, 95);
INSERT INTO assignment (assignment_date, subject_id, student_id, grade) VALUES ('6/5/17', 2, 16, 90);
INSERT INTO assignment (assignment_date, subject_id, student_id, grade) VALUES ('6/5/17', 2, 17, 78);
INSERT INTO assignment (assignment_date, subject_id, student_id, grade) VALUES ('6/5/17', 2, 18, 69);
INSERT INTO assignment (assignment_date, subject_id, student_id, grade) VALUES ('6/5/17', 2, 19, 90);
INSERT INTO assignment (assignment_date, subject_id, student_id, grade) VALUES ('6/5/17', 2, 20, 77);
INSERT INTO assignment (assignment_date, subject_id, student_id, grade) VALUES ('6/18/17', 3, 1, 100);
INSERT INTO assignment (assignment_date, subject_id, student_id, grade) VALUES ('6/18/17', 3, 2, 77);
INSERT INTO assignment (assignment_date, subject_id, student_id, grade) VALUES ('6/18/17', 3, 3, 92);
INSERT INTO assignment (assignment_date, subject_id, student_id, grade) VALUES ('6/18/17', 3, 4, 92);
INSERT INTO assignment (assignment_date, subject_id, student_id, grade) VALUES ('6/18/17', 3, 5, NULL);
INSERT INTO assignment (assignment_date, subject_id, student_id, grade) VALUES ('6/18/17', 3, 6, 83);
INSERT INTO assignment (assignment_date, subject_id, student_id, grade) VALUES ('6/18/17', 3, 7, 65);
INSERT INTO assignment (assignment_date, subject_id, student_id, grade) VALUES ('6/18/17', 3, 8, 87);
INSERT INTO assignment (assignment_date, subject_id, student_id, grade) VALUES ('6/18/17', 3, 9, 68);
INSERT INTO assignment (assignment_date, subject_id, student_id, grade) VALUES ('6/18/17', 3, 10, 68);
INSERT INTO assignment (assignment_date, subject_id, student_id, grade) VALUES ('6/18/17', 3, 11, 69);
INSERT INTO assignment (assignment_date, subject_id, student_id, grade) VALUES ('6/18/17', 3, 12, 78);
INSERT INTO assignment (assignment_date, subject_id, student_id, grade) VALUES ('6/18/17', 3, 13, 92);
INSERT INTO assignment (assignment_date, subject_id, student_id, grade) VALUES ('6/18/17', 3, 14, 87);
INSERT INTO assignment (assignment_date, subject_id, student_id, grade) VALUES ('6/18/17', 3, 15, 64);
INSERT INTO assignment (assignment_date, subject_id, student_id, grade) VALUES ('6/18/17', 3, 16, 98);
INSERT INTO assignment (assignment_date, subject_id, student_id, grade) VALUES ('6/18/17', 3, 17, 96);
INSERT INTO assignment (assignment_date, subject_id, student_id, grade) VALUES ('6/18/17', 3, 18, 77);
INSERT INTO assignment (assignment_date, subject_id, student_id, grade) VALUES ('6/18/17', 3, 19, 70);
INSERT INTO assignment (assignment_date, subject_id, student_id, grade) VALUES ('6/18/17', 3, 20, 75);
INSERT INTO assignment (assignment_date, subject_id, student_id, grade) VALUES ('6/17/17', 3, 1, 76);
INSERT INTO assignment (assignment_date, subject_id, student_id, grade) VALUES ('6/17/17', 3, 2, 92);
INSERT INTO assignment (assignment_date, subject_id, student_id, grade) VALUES ('6/17/17', 3, 3, 100);
INSERT INTO assignment (assignment_date, subject_id, student_id, grade) VALUES ('6/17/17', 3, 4, 84);
INSERT INTO assignment (assignment_date, subject_id, student_id, grade) VALUES ('6/17/17', 3, 5, 62);
INSERT INTO assignment (assignment_date, subject_id, student_id, grade) VALUES ('6/17/17', 3, 6, 96);
INSERT INTO assignment (assignment_date, subject_id, student_id, grade) VALUES ('6/17/17', 3, 7, 73);
INSERT INTO assignment (assignment_date, subject_id, student_id, grade) VALUES ('6/17/17', 3, 8, 92);
INSERT INTO assignment (assignment_date, subject_id, student_id, grade) VALUES ('6/17/17', 3, 9, 64);
INSERT INTO assignment (assignment_date, subject_id, student_id, grade) VALUES ('6/17/17', 3, 10, 99);
INSERT INTO assignment (assignment_date, subject_id, student_id, grade) VALUES ('6/17/17', 3, 11, 74);
INSERT INTO assignment (assignment_date, subject_id, student_id, grade) VALUES ('6/17/17', 3, 12, 98);
INSERT INTO assignment (assignment_date, subject_id, student_id, grade) VALUES ('6/17/17', 3, 13, 66);
INSERT INTO assignment (assignment_date, subject_id, student_id, grade) VALUES ('6/17/17', 3, 14, 83);
INSERT INTO assignment (assignment_date, subject_id, student_id, grade) VALUES ('6/17/17', 3, 15, 63);
INSERT INTO assignment (assignment_date, subject_id, student_id, grade) VALUES ('6/17/17', 3, 16, 92);
INSERT INTO assignment (assignment_date, subject_id, student_id, grade) VALUES ('6/17/17', 3, 17, 84);
INSERT INTO assignment (assignment_date, subject_id, student_id, grade) VALUES ('6/17/17', 3, 18, 61);
INSERT INTO assignment (assignment_date, subject_id, student_id, grade) VALUES ('6/17/17', 3, 19, 89);
INSERT INTO assignment (assignment_date, subject_id, student_id, grade) VALUES ('6/17/17', 3, 20, 84);
INSERT INTO assignment (assignment_date, subject_id, student_id, grade) VALUES ('6/16/17', 3, 1, 94);
INSERT INTO assignment (assignment_date, subject_id, student_id, grade) VALUES ('6/16/17', 3, 2, 93);
INSERT INTO assignment (assignment_date, subject_id, student_id, grade) VALUES ('6/16/17', 3, 3, 66);
INSERT INTO assignment (assignment_date, subject_id, student_id, grade) VALUES ('6/16/17', 3, 4, 71);
INSERT INTO assignment (assignment_date, subject_id, student_id, grade) VALUES ('6/16/17', 3, 5, 84);
INSERT INTO assignment (assignment_date, subject_id, student_id, grade) VALUES ('6/16/17', 3, 6, 75);
INSERT INTO assignment (assignment_date, subject_id, student_id, grade) VALUES ('6/16/17', 3, 7, 63);
INSERT INTO assignment (assignment_date, subject_id, student_id, grade) VALUES ('6/16/17', 3, 8, 74);
INSERT INTO assignment (assignment_date, subject_id, student_id, grade) VALUES ('6/16/17', 3, 9, 69);
INSERT INTO assignment (assignment_date, subject_id, student_id, grade) VALUES ('6/16/17', 3, 10, NULL);
INSERT INTO assignment (assignment_date, subject_id, student_id, grade) VALUES ('6/16/17', 3, 11, 76);
INSERT INTO assignment (assignment_date, subject_id, student_id, grade) VALUES ('6/16/17', 3, 12, 94);
INSERT INTO assignment (assignment_date, subject_id, student_id, grade) VALUES ('6/16/17', 3, 13, 64);
INSERT INTO assignment (assignment_date, subject_id, student_id, grade) VALUES ('6/16/17', 3, 14, 82);
INSERT INTO assignment (assignment_date, subject_id, student_id, grade) VALUES ('6/16/17', 3, 15, 68);
INSERT INTO assignment (assignment_date, subject_id, student_id, grade) VALUES ('6/16/17', 3, 16, 86);
INSERT INTO assignment (assignment_date, subject_id, student_id, grade) VALUES ('6/16/17', 3, 17, 88);
INSERT INTO assignment (assignment_date, subject_id, student_id, grade) VALUES ('6/16/17', 3, 18, 97);
INSERT INTO assignment (assignment_date, subject_id, student_id, grade) VALUES ('6/16/17', 3, 19, 82);
INSERT INTO assignment (assignment_date, subject_id, student_id, grade) VALUES ('6/16/17', 3, 20, 85);
INSERT INTO assignment (assignment_date, subject_id, student_id, grade) VALUES ('6/15/17', 3, 1, 88);
INSERT INTO assignment (assignment_date, subject_id, student_id, grade) VALUES ('6/15/17', 3, 2, 82);
INSERT INTO assignment (assignment_date, subject_id, student_id, grade) VALUES ('6/15/17', 3, 3, 75);
INSERT INTO assignment (assignment_date, subject_id, student_id, grade) VALUES ('6/15/17', 3, 4, 70);
INSERT INTO assignment (assignment_date, subject_id, student_id, grade) VALUES ('6/15/17', 3, 5, NULL);
INSERT INTO assignment (assignment_date, subject_id, student_id, grade) VALUES ('6/15/17', 3, 6, 97);
INSERT INTO assignment (assignment_date, subject_id, student_id, grade) VALUES ('6/15/17', 3, 7, 80);
INSERT INTO assignment (assignment_date, subject_id, student_id, grade) VALUES ('6/15/17', 3, 8, NULL);
INSERT INTO assignment (assignment_date, subject_id, student_id, grade) VALUES ('6/15/17', 3, 9, 83);
INSERT INTO assignment (assignment_date, subject_id, student_id, grade) VALUES ('6/15/17', 3, 10, 74);
INSERT INTO assignment (assignment_date, subject_id, student_id, grade) VALUES ('6/15/17', 3, 11, 61);
INSERT INTO assignment (assignment_date, subject_id, student_id, grade) VALUES ('6/15/17', 3, 12, 62);
INSERT INTO assignment (assignment_date, subject_id, student_id, grade) VALUES ('6/15/17', 3, 13, 83);
INSERT INTO assignment (assignment_date, subject_id, student_id, grade) VALUES ('6/15/17', 3, 14, 64);
INSERT INTO assignment (assignment_date, subject_id, student_id, grade) VALUES ('6/15/17', 3, 15, 61);
INSERT INTO assignment (assignment_date, subject_id, student_id, grade) VALUES ('6/15/17', 3, 16, NULL);
INSERT INTO assignment (assignment_date, subject_id, student_id, grade) VALUES ('6/15/17', 3, 17, 68);
INSERT INTO assignment (assignment_date, subject_id, student_id, grade) VALUES ('6/15/17', 3, 18, 71);
INSERT INTO assignment (assignment_date, subject_id, student_id, grade) VALUES ('6/15/17', 3, 19, 88);
INSERT INTO assignment (assignment_date, subject_id, student_id, grade) VALUES ('6/15/17', 3, 20, 83);
INSERT INTO assignment (assignment_date, subject_id, student_id, grade) VALUES ('6/14/17', 3, 1, 80);
INSERT INTO assignment (assignment_date, subject_id, student_id, grade) VALUES ('6/14/17', 3, 2, 67);
INSERT INTO assignment (assignment_date, subject_id, student_id, grade) VALUES ('6/14/17', 3, 3, 81);
INSERT INTO assignment (assignment_date, subject_id, student_id, grade) VALUES ('6/14/17', 3, 4, 76);
INSERT INTO assignment (assignment_date, subject_id, student_id, grade) VALUES ('6/14/17', 3, 5, NULL);
INSERT INTO assignment (assignment_date, subject_id, student_id, grade) VALUES ('6/14/17', 3, 6, 98);
INSERT INTO assignment (assignment_date, subject_id, student_id, grade) VALUES ('6/14/17', 3, 7, 96);
INSERT INTO assignment (assignment_date, subject_id, student_id, grade) VALUES ('6/14/17', 3, 8, 61);
INSERT INTO assignment (assignment_date, subject_id, student_id, grade) VALUES ('6/14/17', 3, 9, NULL);
INSERT INTO assignment (assignment_date, subject_id, student_id, grade) VALUES ('6/14/17', 3, 10, 85);
INSERT INTO assignment (assignment_date, subject_id, student_id, grade) VALUES ('6/14/17', 3, 11, 99);
INSERT INTO assignment (assignment_date, subject_id, student_id, grade) VALUES ('6/14/17', 3, 12, 68);
INSERT INTO assignment (assignment_date, subject_id, student_id, grade) VALUES ('6/14/17', 3, 13, 84);
INSERT INTO assignment (assignment_date, subject_id, student_id, grade) VALUES ('6/14/17', 3, 14, 73);
INSERT INTO assignment (assignment_date, subject_id, student_id, grade) VALUES ('6/14/17', 3, 15, 68);
INSERT INTO assignment (assignment_date, subject_id, student_id, grade) VALUES ('6/14/17', 3, 16, 78);
INSERT INTO assignment (assignment_date, subject_id, student_id, grade) VALUES ('6/14/17', 3, 17, 86);
INSERT INTO assignment (assignment_date, subject_id, student_id, grade) VALUES ('6/14/17', 3, 18, NULL);
INSERT INTO assignment (assignment_date, subject_id, student_id, grade) VALUES ('6/14/17', 3, 19, 79);
INSERT INTO assignment (assignment_date, subject_id, student_id, grade) VALUES ('6/14/17', 3, 20, 84);
INSERT INTO assignment (assignment_date, subject_id, student_id, grade) VALUES ('6/13/17', 3, 1, 90);
INSERT INTO assignment (assignment_date, subject_id, student_id, grade) VALUES ('6/13/17', 3, 2, 78);
INSERT INTO assignment (assignment_date, subject_id, student_id, grade) VALUES ('6/13/17', 3, 3, 88);
INSERT INTO assignment (assignment_date, subject_id, student_id, grade) VALUES ('6/13/17', 3, 4, 76);
INSERT INTO assignment (assignment_date, subject_id, student_id, grade) VALUES ('6/13/17', 3, 5, NULL);
INSERT INTO assignment (assignment_date, subject_id, student_id, grade) VALUES ('6/13/17', 3, 6, 99);
INSERT INTO assignment (assignment_date, subject_id, student_id, grade) VALUES ('6/13/17', 3, 7, 100);
INSERT INTO assignment (assignment_date, subject_id, student_id, grade) VALUES ('6/13/17', 3, 8, 70);
INSERT INTO assignment (assignment_date, subject_id, student_id, grade) VALUES ('6/13/17', 3, 9, 76);
INSERT INTO assignment (assignment_date, subject_id, student_id, grade) VALUES ('6/13/17', 3, 10, 87);
INSERT INTO assignment (assignment_date, subject_id, student_id, grade) VALUES ('6/13/17', 3, 11, 92);
INSERT INTO assignment (assignment_date, subject_id, student_id, grade) VALUES ('6/13/17', 3, 12, 68);
INSERT INTO assignment (assignment_date, subject_id, student_id, grade) VALUES ('6/13/17', 3, 13, NULL);
INSERT INTO assignment (assignment_date, subject_id, student_id, grade) VALUES ('6/13/17', 3, 14, 90);
INSERT INTO assignment (assignment_date, subject_id, student_id, grade) VALUES ('6/13/17', 3, 15, 81);
INSERT INTO assignment (assignment_date, subject_id, student_id, grade) VALUES ('6/13/17', 3, 16, 87);
INSERT INTO assignment (assignment_date, subject_id, student_id, grade) VALUES ('6/13/17', 3, 17, 64);
INSERT INTO assignment (assignment_date, subject_id, student_id, grade) VALUES ('6/13/17', 3, 18, NULL);
INSERT INTO assignment (assignment_date, subject_id, student_id, grade) VALUES ('6/13/17', 3, 19, 69);
INSERT INTO assignment (assignment_date, subject_id, student_id, grade) VALUES ('6/13/17', 3, 20, NULL);
INSERT INTO assignment (assignment_date, subject_id, student_id, grade) VALUES ('6/12/17', 3, 1, 79);
INSERT INTO assignment (assignment_date, subject_id, student_id, grade) VALUES ('6/12/17', 3, 2, 82);
INSERT INTO assignment (assignment_date, subject_id, student_id, grade) VALUES ('6/12/17', 3, 3, 77);
INSERT INTO assignment (assignment_date, subject_id, student_id, grade) VALUES ('6/12/17', 3, 4, 84);
INSERT INTO assignment (assignment_date, subject_id, student_id, grade) VALUES ('6/12/17', 3, 5, 99);
INSERT INTO assignment (assignment_date, subject_id, student_id, grade) VALUES ('6/12/17', 3, 6, 99);
INSERT INTO assignment (assignment_date, subject_id, student_id, grade) VALUES ('6/12/17', 3, 7, 98);
INSERT INTO assignment (assignment_date, subject_id, student_id, grade) VALUES ('6/12/17', 3, 8, 84);
INSERT INTO assignment (assignment_date, subject_id, student_id, grade) VALUES ('6/12/17', 3, 9, 68);
INSERT INTO assignment (assignment_date, subject_id, student_id, grade) VALUES ('6/12/17', 3, 10, 65);
INSERT INTO assignment (assignment_date, subject_id, student_id, grade) VALUES ('6/12/17', 3, 11, 97);
INSERT INTO assignment (assignment_date, subject_id, student_id, grade) VALUES ('6/12/17', 3, 12, 76);
INSERT INTO assignment (assignment_date, subject_id, student_id, grade) VALUES ('6/12/17', 3, 13, 85);
INSERT INTO assignment (assignment_date, subject_id, student_id, grade) VALUES ('6/12/17', 3, 14, 93);
INSERT INTO assignment (assignment_date, subject_id, student_id, grade) VALUES ('6/12/17', 3, 15, 89);
INSERT INTO assignment (assignment_date, subject_id, student_id, grade) VALUES ('6/12/17', 3, 16, 90);
INSERT INTO assignment (assignment_date, subject_id, student_id, grade) VALUES ('6/12/17', 3, 17, 86);
INSERT INTO assignment (assignment_date, subject_id, student_id, grade) VALUES ('6/12/17', 3, 18, 100);
INSERT INTO assignment (assignment_date, subject_id, student_id, grade) VALUES ('6/12/17', 3, 19, 77);
INSERT INTO assignment (assignment_date, subject_id, student_id, grade) VALUES ('6/12/17', 3, 20, 68);
INSERT INTO assignment (assignment_date, subject_id, student_id, grade) VALUES ('6/11/17', 3, 1, 81);
INSERT INTO assignment (assignment_date, subject_id, student_id, grade) VALUES ('6/11/17', 3, 2, 90);
INSERT INTO assignment (assignment_date, subject_id, student_id, grade) VALUES ('6/11/17', 3, 3, 74);
INSERT INTO assignment (assignment_date, subject_id, student_id, grade) VALUES ('6/11/17', 3, 4, 84);
INSERT INTO assignment (assignment_date, subject_id, student_id, grade) VALUES ('6/11/17', 3, 5, 84);
INSERT INTO assignment (assignment_date, subject_id, student_id, grade) VALUES ('6/11/17', 3, 6, 82);
INSERT INTO assignment (assignment_date, subject_id, student_id, grade) VALUES ('6/11/17', 3, 7, 93);
INSERT INTO assignment (assignment_date, subject_id, student_id, grade) VALUES ('6/11/17', 3, 8, 95);
INSERT INTO assignment (assignment_date, subject_id, student_id, grade) VALUES ('6/11/17', 3, 9, 78);
INSERT INTO assignment (assignment_date, subject_id, student_id, grade) VALUES ('6/11/17', 3, 10, 75);
INSERT INTO assignment (assignment_date, subject_id, student_id, grade) VALUES ('6/11/17', 3, 11, 68);
INSERT INTO assignment (assignment_date, subject_id, student_id, grade) VALUES ('6/11/17', 3, 12, 86);
INSERT INTO assignment (assignment_date, subject_id, student_id, grade) VALUES ('6/11/17', 3, 13, 67);
INSERT INTO assignment (assignment_date, subject_id, student_id, grade) VALUES ('6/11/17', 3, 14, 83);
INSERT INTO assignment (assignment_date, subject_id, student_id, grade) VALUES ('6/11/17', 3, 15, 71);
INSERT INTO assignment (assignment_date, subject_id, student_id, grade) VALUES ('6/11/17', 3, 16, 72);
INSERT INTO assignment (assignment_date, subject_id, student_id, grade) VALUES ('6/11/17', 3, 17, 74);
INSERT INTO assignment (assignment_date, subject_id, student_id, grade) VALUES ('6/11/17', 3, 18, 71);
INSERT INTO assignment (assignment_date, subject_id, student_id, grade) VALUES ('6/11/17', 3, 19, 89);
INSERT INTO assignment (assignment_date, subject_id, student_id, grade) VALUES ('6/11/17', 3, 20, 70);
INSERT INTO assignment (assignment_date, subject_id, student_id, grade) VALUES ('6/10/17', 3, 1, NULL);
INSERT INTO assignment (assignment_date, subject_id, student_id, grade) VALUES ('6/10/17', 3, 2, NULL);
INSERT INTO assignment (assignment_date, subject_id, student_id, grade) VALUES ('6/10/17', 3, 3, 95);
INSERT INTO assignment (assignment_date, subject_id, student_id, grade) VALUES ('6/10/17', 3, 4, 94);
INSERT INTO assignment (assignment_date, subject_id, student_id, grade) VALUES ('6/10/17', 3, 5, 64);
INSERT INTO assignment (assignment_date, subject_id, student_id, grade) VALUES ('6/10/17', 3, 6, 97);
INSERT INTO assignment (assignment_date, subject_id, student_id, grade) VALUES ('6/10/17', 3, 7, 98);
INSERT INTO assignment (assignment_date, subject_id, student_id, grade) VALUES ('6/10/17', 3, 8, NULL);
INSERT INTO assignment (assignment_date, subject_id, student_id, grade) VALUES ('6/10/17', 3, 9, 73);
INSERT INTO assignment (assignment_date, subject_id, student_id, grade) VALUES ('6/10/17', 3, 10, 68);
INSERT INTO assignment (assignment_date, subject_id, student_id, grade) VALUES ('6/10/17', 3, 11, 94);
INSERT INTO assignment (assignment_date, subject_id, student_id, grade) VALUES ('6/10/17', 3, 12, 98);
INSERT INTO assignment (assignment_date, subject_id, student_id, grade) VALUES ('6/10/17', 3, 13, 98);
INSERT INTO assignment (assignment_date, subject_id, student_id, grade) VALUES ('6/10/17', 3, 14, 99);
INSERT INTO assignment (assignment_date, subject_id, student_id, grade) VALUES ('6/10/17', 3, 15, 79);
INSERT INTO assignment (assignment_date, subject_id, student_id, grade) VALUES ('6/10/17', 3, 16, 63);
INSERT INTO assignment (assignment_date, subject_id, student_id, grade) VALUES ('6/10/17', 3, 17, 96);
INSERT INTO assignment (assignment_date, subject_id, student_id, grade) VALUES ('6/10/17', 3, 18, 73);
INSERT INTO assignment (assignment_date, subject_id, student_id, grade) VALUES ('6/10/17', 3, 19, NULL);
INSERT INTO assignment (assignment_date, subject_id, student_id, grade) VALUES ('6/10/17', 3, 20, 90);
INSERT INTO assignment (assignment_date, subject_id, student_id, grade) VALUES ('6/9/17', 3, 1, 82);
INSERT INTO assignment (assignment_date, subject_id, student_id, grade) VALUES ('6/9/17', 3, 2, 75);
INSERT INTO assignment (assignment_date, subject_id, student_id, grade) VALUES ('6/9/17', 3, 3, 62);
INSERT INTO assignment (assignment_date, subject_id, student_id, grade) VALUES ('6/9/17', 3, 4, 75);
INSERT INTO assignment (assignment_date, subject_id, student_id, grade) VALUES ('6/9/17', 3, 5, 97);
INSERT INTO assignment (assignment_date, subject_id, student_id, grade) VALUES ('6/9/17', 3, 6, 79);
INSERT INTO assignment (assignment_date, subject_id, student_id, grade) VALUES ('6/9/17', 3, 7, 68);
INSERT INTO assignment (assignment_date, subject_id, student_id, grade) VALUES ('6/9/17', 3, 8, 95);
INSERT INTO assignment (assignment_date, subject_id, student_id, grade) VALUES ('6/9/17', 3, 9, 86);
INSERT INTO assignment (assignment_date, subject_id, student_id, grade) VALUES ('6/9/17', 3, 10, 61);
INSERT INTO assignment (assignment_date, subject_id, student_id, grade) VALUES ('6/9/17', 3, 11, 85);
INSERT INTO assignment (assignment_date, subject_id, student_id, grade) VALUES ('6/9/17', 3, 12, 82);
INSERT INTO assignment (assignment_date, subject_id, student_id, grade) VALUES ('6/9/17', 3, 13, 93);
INSERT INTO assignment (assignment_date, subject_id, student_id, grade) VALUES ('6/9/17', 3, 14, 86);
INSERT INTO assignment (assignment_date, subject_id, student_id, grade) VALUES ('6/9/17', 3, 15, 90);
INSERT INTO assignment (assignment_date, subject_id, student_id, grade) VALUES ('6/9/17', 3, 16, 71);
INSERT INTO assignment (assignment_date, subject_id, student_id, grade) VALUES ('6/9/17', 3, 17, 91);
INSERT INTO assignment (assignment_date, subject_id, student_id, grade) VALUES ('6/9/17', 3, 18, 64);
INSERT INTO assignment (assignment_date, subject_id, student_id, grade) VALUES ('6/9/17', 3, 19, 81);
INSERT INTO assignment (assignment_date, subject_id, student_id, grade) VALUES ('6/9/17', 3, 20, 91);
INSERT INTO assignment (assignment_date, subject_id, student_id, grade) VALUES ('6/8/17', 3, 1, 66);
INSERT INTO assignment (assignment_date, subject_id, student_id, grade) VALUES ('6/8/17', 3, 2, 94);
INSERT INTO assignment (assignment_date, subject_id, student_id, grade) VALUES ('6/8/17', 3, 3, 98);
INSERT INTO assignment (assignment_date, subject_id, student_id, grade) VALUES ('6/8/17', 3, 4, 81);
INSERT INTO assignment (assignment_date, subject_id, student_id, grade) VALUES ('6/8/17', 3, 5, 75);
INSERT INTO assignment (assignment_date, subject_id, student_id, grade) VALUES ('6/8/17', 3, 6, 80);
INSERT INTO assignment (assignment_date, subject_id, student_id, grade) VALUES ('6/8/17', 3, 7, 62);
INSERT INTO assignment (assignment_date, subject_id, student_id, grade) VALUES ('6/8/17', 3, 8, 89);
INSERT INTO assignment (assignment_date, subject_id, student_id, grade) VALUES ('6/8/17', 3, 9, 71);
INSERT INTO assignment (assignment_date, subject_id, student_id, grade) VALUES ('6/8/17', 3, 10, 96);
INSERT INTO assignment (assignment_date, subject_id, student_id, grade) VALUES ('6/8/17', 3, 11, 76);
INSERT INTO assignment (assignment_date, subject_id, student_id, grade) VALUES ('6/8/17', 3, 12, 94);
INSERT INTO assignment (assignment_date, subject_id, student_id, grade) VALUES ('6/8/17', 3, 13, NULL);
INSERT INTO assignment (assignment_date, subject_id, student_id, grade) VALUES ('6/8/17', 3, 14, 91);
INSERT INTO assignment (assignment_date, subject_id, student_id, grade) VALUES ('6/8/17', 3, 15, 64);
INSERT INTO assignment (assignment_date, subject_id, student_id, grade) VALUES ('6/8/17', 3, 16, 100);
INSERT INTO assignment (assignment_date, subject_id, student_id, grade) VALUES ('6/8/17', 3, 17, 86);
INSERT INTO assignment (assignment_date, subject_id, student_id, grade) VALUES ('6/8/17', 3, 18, 95);
INSERT INTO assignment (assignment_date, subject_id, student_id, grade) VALUES ('6/8/17', 3, 19, 83);
INSERT INTO assignment (assignment_date, subject_id, student_id, grade) VALUES ('6/8/17', 3, 20, 82);
INSERT INTO assignment (assignment_date, subject_id, student_id, grade) VALUES ('6/7/17', 3, 1, 62);
INSERT INTO assignment (assignment_date, subject_id, student_id, grade) VALUES ('6/7/17', 3, 2, NULL);
INSERT INTO assignment (assignment_date, subject_id, student_id, grade) VALUES ('6/7/17', 3, 3, 80);
INSERT INTO assignment (assignment_date, subject_id, student_id, grade) VALUES ('6/7/17', 3, 4, 61);
INSERT INTO assignment (assignment_date, subject_id, student_id, grade) VALUES ('6/7/17', 3, 5, 75);
INSERT INTO assignment (assignment_date, subject_id, student_id, grade) VALUES ('6/7/17', 3, 6, 77);
INSERT INTO assignment (assignment_date, subject_id, student_id, grade) VALUES ('6/7/17', 3, 7, 79);
INSERT INTO assignment (assignment_date, subject_id, student_id, grade) VALUES ('6/7/17', 3, 8, 100);
INSERT INTO assignment (assignment_date, subject_id, student_id, grade) VALUES ('6/7/17', 3, 9, 73);
INSERT INTO assignment (assignment_date, subject_id, student_id, grade) VALUES ('6/7/17', 3, 10, 70);
INSERT INTO assignment (assignment_date, subject_id, student_id, grade) VALUES ('6/7/17', 3, 11, 96);
INSERT INTO assignment (assignment_date, subject_id, student_id, grade) VALUES ('6/7/17', 3, 12, 83);
INSERT INTO assignment (assignment_date, subject_id, student_id, grade) VALUES ('6/7/17', 3, 13, 73);
INSERT INTO assignment (assignment_date, subject_id, student_id, grade) VALUES ('6/7/17', 3, 14, 83);
INSERT INTO assignment (assignment_date, subject_id, student_id, grade) VALUES ('6/7/17', 3, 15, 79);
INSERT INTO assignment (assignment_date, subject_id, student_id, grade) VALUES ('6/7/17', 3, 16, 70);
INSERT INTO assignment (assignment_date, subject_id, student_id, grade) VALUES ('6/7/17', 3, 17, 92);
INSERT INTO assignment (assignment_date, subject_id, student_id, grade) VALUES ('6/7/17', 3, 18, 78);
INSERT INTO assignment (assignment_date, subject_id, student_id, grade) VALUES ('6/7/17', 3, 19, NULL);
INSERT INTO assignment (assignment_date, subject_id, student_id, grade) VALUES ('6/7/17', 3, 20, 68);
INSERT INTO assignment (assignment_date, subject_id, student_id, grade) VALUES ('6/6/17', 3, 1, 84);
INSERT INTO assignment (assignment_date, subject_id, student_id, grade) VALUES ('6/6/17', 3, 2, 62);
INSERT INTO assignment (assignment_date, subject_id, student_id, grade) VALUES ('6/6/17', 3, 3, 63);
INSERT INTO assignment (assignment_date, subject_id, student_id, grade) VALUES ('6/6/17', 3, 4, 77);
INSERT INTO assignment (assignment_date, subject_id, student_id, grade) VALUES ('6/6/17', 3, 5, 87);
INSERT INTO assignment (assignment_date, subject_id, student_id, grade) VALUES ('6/6/17', 3, 6, 61);
INSERT INTO assignment (assignment_date, subject_id, student_id, grade) VALUES ('6/6/17', 3, 7, 76);
INSERT INTO assignment (assignment_date, subject_id, student_id, grade) VALUES ('6/6/17', 3, 8, 62);
INSERT INTO assignment (assignment_date, subject_id, student_id, grade) VALUES ('6/6/17', 3, 9, 92);
INSERT INTO assignment (assignment_date, subject_id, student_id, grade) VALUES ('6/6/17', 3, 10, 74);
INSERT INTO assignment (assignment_date, subject_id, student_id, grade) VALUES ('6/6/17', 3, 11, 86);
INSERT INTO assignment (assignment_date, subject_id, student_id, grade) VALUES ('6/6/17', 3, 12, 81);
INSERT INTO assignment (assignment_date, subject_id, student_id, grade) VALUES ('6/6/17', 3, 13, 76);
INSERT INTO assignment (assignment_date, subject_id, student_id, grade) VALUES ('6/6/17', 3, 14, 86);
INSERT INTO assignment (assignment_date, subject_id, student_id, grade) VALUES ('6/6/17', 3, 15, 87);
INSERT INTO assignment (assignment_date, subject_id, student_id, grade) VALUES ('6/6/17', 3, 16, 91);
INSERT INTO assignment (assignment_date, subject_id, student_id, grade) VALUES ('6/6/17', 3, 17, 85);
INSERT INTO assignment (assignment_date, subject_id, student_id, grade) VALUES ('6/6/17', 3, 18, 93);
INSERT INTO assignment (assignment_date, subject_id, student_id, grade) VALUES ('6/6/17', 3, 19, 80);
INSERT INTO assignment (assignment_date, subject_id, student_id, grade) VALUES ('6/6/17', 3, 20, 96);
INSERT INTO assignment (assignment_date, subject_id, student_id, grade) VALUES ('6/5/17', 3, 1, 81);
INSERT INTO assignment (assignment_date, subject_id, student_id, grade) VALUES ('6/5/17', 3, 2, 92);
INSERT INTO assignment (assignment_date, subject_id, student_id, grade) VALUES ('6/5/17', 3, 3, NULL);
INSERT INTO assignment (assignment_date, subject_id, student_id, grade) VALUES ('6/5/17', 3, 4, 66);
INSERT INTO assignment (assignment_date, subject_id, student_id, grade) VALUES ('6/5/17', 3, 5, 74);
INSERT INTO assignment (assignment_date, subject_id, student_id, grade) VALUES ('6/5/17', 3, 6, 79);
INSERT INTO assignment (assignment_date, subject_id, student_id, grade) VALUES ('6/5/17', 3, 7, 87);
INSERT INTO assignment (assignment_date, subject_id, student_id, grade) VALUES ('6/5/17', 3, 8, 84);
INSERT INTO assignment (assignment_date, subject_id, student_id, grade) VALUES ('6/5/17', 3, 9, 61);
INSERT INTO assignment (assignment_date, subject_id, student_id, grade) VALUES ('6/5/17', 3, 10, 90);
INSERT INTO assignment (assignment_date, subject_id, student_id, grade) VALUES ('6/5/17', 3, 11, NULL);
INSERT INTO assignment (assignment_date, subject_id, student_id, grade) VALUES ('6/5/17', 3, 12, 77);
INSERT INTO assignment (assignment_date, subject_id, student_id, grade) VALUES ('6/5/17', 3, 13, 75);
INSERT INTO assignment (assignment_date, subject_id, student_id, grade) VALUES ('6/5/17', 3, 14, 86);
INSERT INTO assignment (assignment_date, subject_id, student_id, grade) VALUES ('6/5/17', 3, 15, 88);
INSERT INTO assignment (assignment_date, subject_id, student_id, grade) VALUES ('6/5/17', 3, 16, 89);
INSERT INTO assignment (assignment_date, subject_id, student_id, grade) VALUES ('6/5/17', 3, 17, 78);
INSERT INTO assignment (assignment_date, subject_id, student_id, grade) VALUES ('6/5/17', 3, 18, 94);
INSERT INTO assignment (assignment_date, subject_id, student_id, grade) VALUES ('6/5/17', 3, 19, 74);
INSERT INTO assignment (assignment_date, subject_id, student_id, grade) VALUES ('6/5/17', 3, 20, 64);
INSERT INTO assignment (assignment_date, subject_id, student_id, grade) VALUES ('6/4/17', 3, 1, 71);
INSERT INTO assignment (assignment_date, subject_id, student_id, grade) VALUES ('6/4/17', 3, 2, 81);
INSERT INTO assignment (assignment_date, subject_id, student_id, grade) VALUES ('6/4/17', 3, 3, 86);
INSERT INTO assignment (assignment_date, subject_id, student_id, grade) VALUES ('6/4/17', 3, 4, 80);
INSERT INTO assignment (assignment_date, subject_id, student_id, grade) VALUES ('6/4/17', 3, 5, 96);
INSERT INTO assignment (assignment_date, subject_id, student_id, grade) VALUES ('6/4/17', 3, 6, 63);
INSERT INTO assignment (assignment_date, subject_id, student_id, grade) VALUES ('6/4/17', 3, 7, 71);
INSERT INTO assignment (assignment_date, subject_id, student_id, grade) VALUES ('6/4/17', 3, 8, 66);
INSERT INTO assignment (assignment_date, subject_id, student_id, grade) VALUES ('6/4/17', 3, 9, 95);
INSERT INTO assignment (assignment_date, subject_id, student_id, grade) VALUES ('6/4/17', 3, 10, 80);
INSERT INTO assignment (assignment_date, subject_id, student_id, grade) VALUES ('6/4/17', 3, 11, 91);
INSERT INTO assignment (assignment_date, subject_id, student_id, grade) VALUES ('6/4/17', 3, 12, 91);
INSERT INTO assignment (assignment_date, subject_id, student_id, grade) VALUES ('6/4/17', 3, 13, 88);
INSERT INTO assignment (assignment_date, subject_id, student_id, grade) VALUES ('6/4/17', 3, 14, 77);
INSERT INTO assignment (assignment_date, subject_id, student_id, grade) VALUES ('6/4/17', 3, 15, 86);
INSERT INTO assignment (assignment_date, subject_id, student_id, grade) VALUES ('6/4/17', 3, 16, 86);
INSERT INTO assignment (assignment_date, subject_id, student_id, grade) VALUES ('6/4/17', 3, 17, 86);
INSERT INTO assignment (assignment_date, subject_id, student_id, grade) VALUES ('6/4/17', 3, 18, 61);
INSERT INTO assignment (assignment_date, subject_id, student_id, grade) VALUES ('6/4/17', 3, 19, 100);
INSERT INTO assignment (assignment_date, subject_id, student_id, grade) VALUES ('6/4/17', 3, 20, 95);
INSERT INTO assignment (assignment_date, subject_id, student_id, grade) VALUES ('6/3/17', 3, 1, 81);
INSERT INTO assignment (assignment_date, subject_id, student_id, grade) VALUES ('6/3/17', 3, 2, NULL);
INSERT INTO assignment (assignment_date, subject_id, student_id, grade) VALUES ('6/3/17', 3, 3, 84);
INSERT INTO assignment (assignment_date, subject_id, student_id, grade) VALUES ('6/3/17', 3, 4, NULL);
INSERT INTO assignment (assignment_date, subject_id, student_id, grade) VALUES ('6/3/17', 3, 5, 86);
INSERT INTO assignment (assignment_date, subject_id, student_id, grade) VALUES ('6/3/17', 3, 6, 72);
INSERT INTO assignment (assignment_date, subject_id, student_id, grade) VALUES ('6/3/17', 3, 7, 61);
INSERT INTO assignment (assignment_date, subject_id, student_id, grade) VALUES ('6/3/17', 3, 8, 70);
INSERT INTO assignment (assignment_date, subject_id, student_id, grade) VALUES ('6/3/17', 3, 9, 63);
INSERT INTO assignment (assignment_date, subject_id, student_id, grade) VALUES ('6/3/17', 3, 10, 69);
INSERT INTO assignment (assignment_date, subject_id, student_id, grade) VALUES ('6/3/17', 3, 11, 92);
INSERT INTO assignment (assignment_date, subject_id, student_id, grade) VALUES ('6/3/17', 3, 12, 84);
INSERT INTO assignment (assignment_date, subject_id, student_id, grade) VALUES ('6/3/17', 3, 13, 84);
INSERT INTO assignment (assignment_date, subject_id, student_id, grade) VALUES ('6/3/17', 3, 14, 93);
INSERT INTO assignment (assignment_date, subject_id, student_id, grade) VALUES ('6/3/17', 3, 15, 62);
INSERT INTO assignment (assignment_date, subject_id, student_id, grade) VALUES ('6/3/17', 3, 16, 75);
INSERT INTO assignment (assignment_date, subject_id, student_id, grade) VALUES ('6/3/17', 3, 17, 88);
INSERT INTO assignment (assignment_date, subject_id, student_id, grade) VALUES ('6/3/17', 3, 18, 62);
INSERT INTO assignment (assignment_date, subject_id, student_id, grade) VALUES ('6/3/17', 3, 19, 66);
INSERT INTO assignment (assignment_date, subject_id, student_id, grade) VALUES ('6/3/17', 3, 20, 93);
INSERT INTO assignment (assignment_date, subject_id, student_id, grade) VALUES ('6/18/17', 4, 1, 85);
INSERT INTO assignment (assignment_date, subject_id, student_id, grade) VALUES ('6/18/17', 4, 2, NULL);
INSERT INTO assignment (assignment_date, subject_id, student_id, grade) VALUES ('6/18/17', 4, 3, 88);
INSERT INTO assignment (assignment_date, subject_id, student_id, grade) VALUES ('6/18/17', 4, 4, 94);
INSERT INTO assignment (assignment_date, subject_id, student_id, grade) VALUES ('6/18/17', 4, 5, 90);
INSERT INTO assignment (assignment_date, subject_id, student_id, grade) VALUES ('6/18/17', 4, 6, 93);
INSERT INTO assignment (assignment_date, subject_id, student_id, grade) VALUES ('6/18/17', 4, 7, NULL);
INSERT INTO assignment (assignment_date, subject_id, student_id, grade) VALUES ('6/18/17', 4, 8, 75);
INSERT INTO assignment (assignment_date, subject_id, student_id, grade) VALUES ('6/18/17', 4, 9, 89);
INSERT INTO assignment (assignment_date, subject_id, student_id, grade) VALUES ('6/18/17', 4, 10, 63);
INSERT INTO assignment (assignment_date, subject_id, student_id, grade) VALUES ('6/18/17', 4, 11, 74);
INSERT INTO assignment (assignment_date, subject_id, student_id, grade) VALUES ('6/18/17', 4, 12, 80);
INSERT INTO assignment (assignment_date, subject_id, student_id, grade) VALUES ('6/18/17', 4, 13, 82);
INSERT INTO assignment (assignment_date, subject_id, student_id, grade) VALUES ('6/18/17', 4, 14, 65);
INSERT INTO assignment (assignment_date, subject_id, student_id, grade) VALUES ('6/18/17', 4, 15, 69);
INSERT INTO assignment (assignment_date, subject_id, student_id, grade) VALUES ('6/18/17', 4, 16, 64);
INSERT INTO assignment (assignment_date, subject_id, student_id, grade) VALUES ('6/18/17', 4, 17, 83);
INSERT INTO assignment (assignment_date, subject_id, student_id, grade) VALUES ('6/18/17', 4, 18, 83);
INSERT INTO assignment (assignment_date, subject_id, student_id, grade) VALUES ('6/18/17', 4, 19, 93);
INSERT INTO assignment (assignment_date, subject_id, student_id, grade) VALUES ('6/18/17', 4, 20, 64);
INSERT INTO assignment (assignment_date, subject_id, student_id, grade) VALUES ('6/17/17', 4, 1, 98);
INSERT INTO assignment (assignment_date, subject_id, student_id, grade) VALUES ('6/17/17', 4, 2, 72);
INSERT INTO assignment (assignment_date, subject_id, student_id, grade) VALUES ('6/17/17', 4, 3, 94);
INSERT INTO assignment (assignment_date, subject_id, student_id, grade) VALUES ('6/17/17', 4, 4, NULL);
INSERT INTO assignment (assignment_date, subject_id, student_id, grade) VALUES ('6/17/17', 4, 5, 63);
INSERT INTO assignment (assignment_date, subject_id, student_id, grade) VALUES ('6/17/17', 4, 6, 69);
INSERT INTO assignment (assignment_date, subject_id, student_id, grade) VALUES ('6/17/17', 4, 7, 78);
INSERT INTO assignment (assignment_date, subject_id, student_id, grade) VALUES ('6/17/17', 4, 8, NULL);
INSERT INTO assignment (assignment_date, subject_id, student_id, grade) VALUES ('6/17/17', 4, 9, 92);
INSERT INTO assignment (assignment_date, subject_id, student_id, grade) VALUES ('6/17/17', 4, 10, 100);
INSERT INTO assignment (assignment_date, subject_id, student_id, grade) VALUES ('6/17/17', 4, 11, 61);
INSERT INTO assignment (assignment_date, subject_id, student_id, grade) VALUES ('6/17/17', 4, 12, 82);
INSERT INTO assignment (assignment_date, subject_id, student_id, grade) VALUES ('6/17/17', 4, 13, 68);
INSERT INTO assignment (assignment_date, subject_id, student_id, grade) VALUES ('6/17/17', 4, 14, 78);
INSERT INTO assignment (assignment_date, subject_id, student_id, grade) VALUES ('6/17/17', 4, 15, 64);
INSERT INTO assignment (assignment_date, subject_id, student_id, grade) VALUES ('6/17/17', 4, 16, 89);
INSERT INTO assignment (assignment_date, subject_id, student_id, grade) VALUES ('6/17/17', 4, 17, 93);
INSERT INTO assignment (assignment_date, subject_id, student_id, grade) VALUES ('6/17/17', 4, 18, 62);
INSERT INTO assignment (assignment_date, subject_id, student_id, grade) VALUES ('6/17/17', 4, 19, 93);
INSERT INTO assignment (assignment_date, subject_id, student_id, grade) VALUES ('6/17/17', 4, 20, 64);
INSERT INTO assignment (assignment_date, subject_id, student_id, grade) VALUES ('6/16/17', 4, 1, 99);
INSERT INTO assignment (assignment_date, subject_id, student_id, grade) VALUES ('6/16/17', 4, 2, 67);
INSERT INTO assignment (assignment_date, subject_id, student_id, grade) VALUES ('6/16/17', 4, 3, 70);
INSERT INTO assignment (assignment_date, subject_id, student_id, grade) VALUES ('6/16/17', 4, 4, 62);
INSERT INTO assignment (assignment_date, subject_id, student_id, grade) VALUES ('6/16/17', 4, 5, 95);
INSERT INTO assignment (assignment_date, subject_id, student_id, grade) VALUES ('6/16/17', 4, 6, 73);
INSERT INTO assignment (assignment_date, subject_id, student_id, grade) VALUES ('6/16/17', 4, 7, 92);
INSERT INTO assignment (assignment_date, subject_id, student_id, grade) VALUES ('6/16/17', 4, 8, 95);
INSERT INTO assignment (assignment_date, subject_id, student_id, grade) VALUES ('6/16/17', 4, 9, 68);
INSERT INTO assignment (assignment_date, subject_id, student_id, grade) VALUES ('6/16/17', 4, 10, 99);
INSERT INTO assignment (assignment_date, subject_id, student_id, grade) VALUES ('6/16/17', 4, 11, 75);
INSERT INTO assignment (assignment_date, subject_id, student_id, grade) VALUES ('6/16/17', 4, 12, 77);
INSERT INTO assignment (assignment_date, subject_id, student_id, grade) VALUES ('6/16/17', 4, 13, 98);
INSERT INTO assignment (assignment_date, subject_id, student_id, grade) VALUES ('6/16/17', 4, 14, 87);
INSERT INTO assignment (assignment_date, subject_id, student_id, grade) VALUES ('6/16/17', 4, 15, 95);
INSERT INTO assignment (assignment_date, subject_id, student_id, grade) VALUES ('6/16/17', 4, 16, 79);
INSERT INTO assignment (assignment_date, subject_id, student_id, grade) VALUES ('6/16/17', 4, 17, 90);
INSERT INTO assignment (assignment_date, subject_id, student_id, grade) VALUES ('6/16/17', 4, 18, 98);
INSERT INTO assignment (assignment_date, subject_id, student_id, grade) VALUES ('6/16/17', 4, 19, 89);
INSERT INTO assignment (assignment_date, subject_id, student_id, grade) VALUES ('6/16/17', 4, 20, 64);
INSERT INTO assignment (assignment_date, subject_id, student_id, grade) VALUES ('6/15/17', 4, 1, 75);
INSERT INTO assignment (assignment_date, subject_id, student_id, grade) VALUES ('6/15/17', 4, 2, 69);
INSERT INTO assignment (assignment_date, subject_id, student_id, grade) VALUES ('6/15/17', 4, 3, 61);
INSERT INTO assignment (assignment_date, subject_id, student_id, grade) VALUES ('6/15/17', 4, 4, 77);
INSERT INTO assignment (assignment_date, subject_id, student_id, grade) VALUES ('6/15/17', 4, 5, 84);
INSERT INTO assignment (assignment_date, subject_id, student_id, grade) VALUES ('6/15/17', 4, 6, 72);
INSERT INTO assignment (assignment_date, subject_id, student_id, grade) VALUES ('6/15/17', 4, 7, 86);
INSERT INTO assignment (assignment_date, subject_id, student_id, grade) VALUES ('6/15/17', 4, 8, NULL);
INSERT INTO assignment (assignment_date, subject_id, student_id, grade) VALUES ('6/15/17', 4, 9, NULL);
INSERT INTO assignment (assignment_date, subject_id, student_id, grade) VALUES ('6/15/17', 4, 10, 83);
INSERT INTO assignment (assignment_date, subject_id, student_id, grade) VALUES ('6/15/17', 4, 11, 70);
INSERT INTO assignment (assignment_date, subject_id, student_id, grade) VALUES ('6/15/17', 4, 12, 70);
INSERT INTO assignment (assignment_date, subject_id, student_id, grade) VALUES ('6/15/17', 4, 13, NULL);
INSERT INTO assignment (assignment_date, subject_id, student_id, grade) VALUES ('6/15/17', 4, 14, 88);
INSERT INTO assignment (assignment_date, subject_id, student_id, grade) VALUES ('6/15/17', 4, 15, 91);
INSERT INTO assignment (assignment_date, subject_id, student_id, grade) VALUES ('6/15/17', 4, 16, 83);
INSERT INTO assignment (assignment_date, subject_id, student_id, grade) VALUES ('6/15/17', 4, 17, 77);
INSERT INTO assignment (assignment_date, subject_id, student_id, grade) VALUES ('6/15/17', 4, 18, 99);
INSERT INTO assignment (assignment_date, subject_id, student_id, grade) VALUES ('6/15/17', 4, 19, 91);
INSERT INTO assignment (assignment_date, subject_id, student_id, grade) VALUES ('6/15/17', 4, 20, 61);
INSERT INTO assignment (assignment_date, subject_id, student_id, grade) VALUES ('6/14/17', 4, 1, 66);
INSERT INTO assignment (assignment_date, subject_id, student_id, grade) VALUES ('6/14/17', 4, 2, 64);
INSERT INTO assignment (assignment_date, subject_id, student_id, grade) VALUES ('6/14/17', 4, 3, 81);
INSERT INTO assignment (assignment_date, subject_id, student_id, grade) VALUES ('6/14/17', 4, 4, 70);
INSERT INTO assignment (assignment_date, subject_id, student_id, grade) VALUES ('6/14/17', 4, 5, NULL);
INSERT INTO assignment (assignment_date, subject_id, student_id, grade) VALUES ('6/14/17', 4, 6, 98);
INSERT INTO assignment (assignment_date, subject_id, student_id, grade) VALUES ('6/14/17', 4, 7, 82);
INSERT INTO assignment (assignment_date, subject_id, student_id, grade) VALUES ('6/14/17', 4, 8, 64);
INSERT INTO assignment (assignment_date, subject_id, student_id, grade) VALUES ('6/14/17', 4, 9, 69);
INSERT INTO assignment (assignment_date, subject_id, student_id, grade) VALUES ('6/14/17', 4, 10, 77);
INSERT INTO assignment (assignment_date, subject_id, student_id, grade) VALUES ('6/14/17', 4, 11, 93);
INSERT INTO assignment (assignment_date, subject_id, student_id, grade) VALUES ('6/14/17', 4, 12, 89);
INSERT INTO assignment (assignment_date, subject_id, student_id, grade) VALUES ('6/14/17', 4, 13, 80);
INSERT INTO assignment (assignment_date, subject_id, student_id, grade) VALUES ('6/14/17', 4, 14, 74);
INSERT INTO assignment (assignment_date, subject_id, student_id, grade) VALUES ('6/14/17', 4, 15, 76);
INSERT INTO assignment (assignment_date, subject_id, student_id, grade) VALUES ('6/14/17', 4, 16, NULL);
INSERT INTO assignment (assignment_date, subject_id, student_id, grade) VALUES ('6/14/17', 4, 17, 85);
INSERT INTO assignment (assignment_date, subject_id, student_id, grade) VALUES ('6/14/17', 4, 18, NULL);
INSERT INTO assignment (assignment_date, subject_id, student_id, grade) VALUES ('6/14/17', 4, 19, 80);
INSERT INTO assignment (assignment_date, subject_id, student_id, grade) VALUES ('6/14/17', 4, 20, 83);
INSERT INTO assignment (assignment_date, subject_id, student_id, grade) VALUES ('6/13/17', 4, 1, 65);
INSERT INTO assignment (assignment_date, subject_id, student_id, grade) VALUES ('6/13/17', 4, 2, 61);
INSERT INTO assignment (assignment_date, subject_id, student_id, grade) VALUES ('6/13/17', 4, 3, 79);
INSERT INTO assignment (assignment_date, subject_id, student_id, grade) VALUES ('6/13/17', 4, 4, 94);
INSERT INTO assignment (assignment_date, subject_id, student_id, grade) VALUES ('6/13/17', 4, 5, 73);
INSERT INTO assignment (assignment_date, subject_id, student_id, grade) VALUES ('6/13/17', 4, 6, NULL);
INSERT INTO assignment (assignment_date, subject_id, student_id, grade) VALUES ('6/13/17', 4, 7, NULL);
INSERT INTO assignment (assignment_date, subject_id, student_id, grade) VALUES ('6/13/17', 4, 8, 92);
INSERT INTO assignment (assignment_date, subject_id, student_id, grade) VALUES ('6/13/17', 4, 9, 98);
INSERT INTO assignment (assignment_date, subject_id, student_id, grade) VALUES ('6/13/17', 4, 10, 93);
INSERT INTO assignment (assignment_date, subject_id, student_id, grade) VALUES ('6/13/17', 4, 11, 83);
INSERT INTO assignment (assignment_date, subject_id, student_id, grade) VALUES ('6/13/17', 4, 12, 98);
INSERT INTO assignment (assignment_date, subject_id, student_id, grade) VALUES ('6/13/17', 4, 13, 93);
INSERT INTO assignment (assignment_date, subject_id, student_id, grade) VALUES ('6/13/17', 4, 14, 70);
INSERT INTO assignment (assignment_date, subject_id, student_id, grade) VALUES ('6/13/17', 4, 15, 95);
INSERT INTO assignment (assignment_date, subject_id, student_id, grade) VALUES ('6/13/17', 4, 16, 69);
INSERT INTO assignment (assignment_date, subject_id, student_id, grade) VALUES ('6/13/17', 4, 17, 67);
INSERT INTO assignment (assignment_date, subject_id, student_id, grade) VALUES ('6/13/17', 4, 18, 62);
INSERT INTO assignment (assignment_date, subject_id, student_id, grade) VALUES ('6/13/17', 4, 19, NULL);
INSERT INTO assignment (assignment_date, subject_id, student_id, grade) VALUES ('6/13/17', 4, 20, 96);
INSERT INTO assignment (assignment_date, subject_id, student_id, grade) VALUES ('6/12/17', 4, 1, 67);
INSERT INTO assignment (assignment_date, subject_id, student_id, grade) VALUES ('6/12/17', 4, 2, 76);
INSERT INTO assignment (assignment_date, subject_id, student_id, grade) VALUES ('6/12/17', 4, 3, 89);
INSERT INTO assignment (assignment_date, subject_id, student_id, grade) VALUES ('6/12/17', 4, 4, 94);
INSERT INTO assignment (assignment_date, subject_id, student_id, grade) VALUES ('6/12/17', 4, 5, 71);
INSERT INTO assignment (assignment_date, subject_id, student_id, grade) VALUES ('6/12/17', 4, 6, 75);
INSERT INTO assignment (assignment_date, subject_id, student_id, grade) VALUES ('6/12/17', 4, 7, 67);
INSERT INTO assignment (assignment_date, subject_id, student_id, grade) VALUES ('6/12/17', 4, 8, 78);
INSERT INTO assignment (assignment_date, subject_id, student_id, grade) VALUES ('6/12/17', 4, 9, 61);
INSERT INTO assignment (assignment_date, subject_id, student_id, grade) VALUES ('6/12/17', 4, 10, 89);
INSERT INTO assignment (assignment_date, subject_id, student_id, grade) VALUES ('6/12/17', 4, 11, 77);
INSERT INTO assignment (assignment_date, subject_id, student_id, grade) VALUES ('6/12/17', 4, 12, 76);
INSERT INTO assignment (assignment_date, subject_id, student_id, grade) VALUES ('6/12/17', 4, 13, 85);
INSERT INTO assignment (assignment_date, subject_id, student_id, grade) VALUES ('6/12/17', 4, 14, 71);
INSERT INTO assignment (assignment_date, subject_id, student_id, grade) VALUES ('6/12/17', 4, 15, 75);
INSERT INTO assignment (assignment_date, subject_id, student_id, grade) VALUES ('6/12/17', 4, 16, NULL);
INSERT INTO assignment (assignment_date, subject_id, student_id, grade) VALUES ('6/12/17', 4, 17, NULL);
INSERT INTO assignment (assignment_date, subject_id, student_id, grade) VALUES ('6/12/17', 4, 18, 73);
INSERT INTO assignment (assignment_date, subject_id, student_id, grade) VALUES ('6/12/17', 4, 19, 87);
INSERT INTO assignment (assignment_date, subject_id, student_id, grade) VALUES ('6/12/17', 4, 20, 62);
INSERT INTO assignment (assignment_date, subject_id, student_id, grade) VALUES ('6/11/17', 4, 1, 89);
INSERT INTO assignment (assignment_date, subject_id, student_id, grade) VALUES ('6/11/17', 4, 2, 88);
INSERT INTO assignment (assignment_date, subject_id, student_id, grade) VALUES ('6/11/17', 4, 3, 87);
INSERT INTO assignment (assignment_date, subject_id, student_id, grade) VALUES ('6/11/17', 4, 4, 87);
INSERT INTO assignment (assignment_date, subject_id, student_id, grade) VALUES ('6/11/17', 4, 5, 63);
INSERT INTO assignment (assignment_date, subject_id, student_id, grade) VALUES ('6/11/17', 4, 6, 61);
INSERT INTO assignment (assignment_date, subject_id, student_id, grade) VALUES ('6/11/17', 4, 7, 86);
INSERT INTO assignment (assignment_date, subject_id, student_id, grade) VALUES ('6/11/17', 4, 8, 87);
INSERT INTO assignment (assignment_date, subject_id, student_id, grade) VALUES ('6/11/17', 4, 9, 86);
INSERT INTO assignment (assignment_date, subject_id, student_id, grade) VALUES ('6/11/17', 4, 10, 69);
INSERT INTO assignment (assignment_date, subject_id, student_id, grade) VALUES ('6/11/17', 4, 11, 78);
INSERT INTO assignment (assignment_date, subject_id, student_id, grade) VALUES ('6/11/17', 4, 12, 89);
INSERT INTO assignment (assignment_date, subject_id, student_id, grade) VALUES ('6/11/17', 4, 13, NULL);
INSERT INTO assignment (assignment_date, subject_id, student_id, grade) VALUES ('6/11/17', 4, 14, 97);
INSERT INTO assignment (assignment_date, subject_id, student_id, grade) VALUES ('6/11/17', 4, 15, 81);
INSERT INTO assignment (assignment_date, subject_id, student_id, grade) VALUES ('6/11/17', 4, 16, 62);
INSERT INTO assignment (assignment_date, subject_id, student_id, grade) VALUES ('6/11/17', 4, 17, 96);
INSERT INTO assignment (assignment_date, subject_id, student_id, grade) VALUES ('6/11/17', 4, 18, 70);
INSERT INTO assignment (assignment_date, subject_id, student_id, grade) VALUES ('6/11/17', 4, 19, 70);
INSERT INTO assignment (assignment_date, subject_id, student_id, grade) VALUES ('6/11/17', 4, 20, 74);
INSERT INTO assignment (assignment_date, subject_id, student_id, grade) VALUES ('6/10/17', 4, 1, 75);
INSERT INTO assignment (assignment_date, subject_id, student_id, grade) VALUES ('6/10/17', 4, 2, 66);
INSERT INTO assignment (assignment_date, subject_id, student_id, grade) VALUES ('6/10/17', 4, 3, NULL);
INSERT INTO assignment (assignment_date, subject_id, student_id, grade) VALUES ('6/10/17', 4, 4, 67);
INSERT INTO assignment (assignment_date, subject_id, student_id, grade) VALUES ('6/10/17', 4, 5, NULL);
INSERT INTO assignment (assignment_date, subject_id, student_id, grade) VALUES ('6/10/17', 4, 6, 79);
INSERT INTO assignment (assignment_date, subject_id, student_id, grade) VALUES ('6/10/17', 4, 7, 78);
INSERT INTO assignment (assignment_date, subject_id, student_id, grade) VALUES ('6/10/17', 4, 8, 80);
INSERT INTO assignment (assignment_date, subject_id, student_id, grade) VALUES ('6/10/17', 4, 9, 97);
INSERT INTO assignment (assignment_date, subject_id, student_id, grade) VALUES ('6/10/17', 4, 10, 83);
INSERT INTO assignment (assignment_date, subject_id, student_id, grade) VALUES ('6/10/17', 4, 11, 68);
INSERT INTO assignment (assignment_date, subject_id, student_id, grade) VALUES ('6/10/17', 4, 12, 62);
INSERT INTO assignment (assignment_date, subject_id, student_id, grade) VALUES ('6/10/17', 4, 13, 99);
INSERT INTO assignment (assignment_date, subject_id, student_id, grade) VALUES ('6/10/17', 4, 14, 77);
INSERT INTO assignment (assignment_date, subject_id, student_id, grade) VALUES ('6/10/17', 4, 15, 66);
INSERT INTO assignment (assignment_date, subject_id, student_id, grade) VALUES ('6/10/17', 4, 16, 71);
INSERT INTO assignment (assignment_date, subject_id, student_id, grade) VALUES ('6/10/17', 4, 17, NULL);
INSERT INTO assignment (assignment_date, subject_id, student_id, grade) VALUES ('6/10/17', 4, 18, NULL);
INSERT INTO assignment (assignment_date, subject_id, student_id, grade) VALUES ('6/10/17', 4, 19, 80);
INSERT INTO assignment (assignment_date, subject_id, student_id, grade) VALUES ('6/10/17', 4, 20, 61);

--Resync the serial columns to take into account the inserted values.
--https://stackoverflow.com/questions/21375651/set-identity-insert-postgresql
select setval(pg_get_serial_sequence('teacher', 'teacher_id'),
              (select max(teacher_id) from teacher)
       );

select setval(pg_get_serial_sequence('student', 'student_id'),
             (select max(student_id) from student)
      );

select setval(pg_get_serial_sequence('subject', 'subject_id'),
             (select max(subject_id) from subject)
      );

select setval(pg_get_serial_sequence('assignment', 'assignment_id'),
             (select max(assignment_id) from assignment)
      );

--SELECT * FROM teacher;

--SELECT * FROM student ORDER BY first_name;

SELECT * FROM assignment;
